grow_policy,max_depth,max_leaves,learning_rate,min_child_weight,subsample,colsample_bytree,reg_alpha,reg_lambda,accuracy,auc,best_iteration,complexity
depthwise,4,0,0.01,10,0.8,0.8,0.0,2.0,0.6884046445045332,0.7624696867480513,6210,4
depthwise,4,0,0.01,1,0.8,0.8,0.1,1.0,0.6871321775091459,0.7620919033230672,5319,4
depthwise,4,0,0.01,5,0.8,1.0,0.1,1.0,0.6872912358835692,0.7620081187192541,5322,4
depthwise,4,0,0.01,5,0.8,1.0,0.1,2.0,0.6880069985684746,0.7619923814329573,5322,4
depthwise,4,0,0.01,1,0.8,0.8,0.1,2.0,0.6872117066963576,0.7619778585996224,5327,4
depthwise,4,0,0.01,10,0.8,0.8,0.1,1.0,0.6876093526324161,0.7619767327005224,5069,4
depthwise,4,0,0.01,1,0.8,1.0,0.0,2.0,0.6877684110068395,0.761966852619656,5248,4
depthwise,4,0,0.005,10,0.8,1.0,0.1,2.0,0.6860982980753937,0.7618877234188632,10825,4
depthwise,4,0,0.01,10,1.0,0.8,0.1,2.0,0.6878479401940513,0.7618835993390136,6753,4
depthwise,4,0,0.01,10,0.8,1.0,0.1,1.0,0.6871321775091459,0.7617896563421971,5244,4
depthwise,4,0,0.01,5,1.0,0.8,0.0,1.0,0.6879274693812629,0.761787531049514,5920,4
depthwise,4,0,0.0025,10,0.8,1.0,0.1,1.0,0.687370765070781,0.7617867593658612,19793,4
depthwise,4,0,0.01,5,0.8,0.8,0.0,1.0,0.6870526483219341,0.7617683022109522,4894,4
depthwise,4,0,0.01,10,0.8,0.8,0.0,1.0,0.686814060760299,0.7617581185168453,4894,4
depthwise,4,0,0.01,10,0.8,0.8,0.1,2.0,0.6875298234452044,0.7617252017813595,4755,4
depthwise,4,0,0.01,5,0.8,0.8,0.1,2.0,0.6864164148242405,0.7617236837151573,4901,4
depthwise,4,0,0.005,5,0.8,1.0,0.1,2.0,0.6864164148242405,0.7617235319085371,10525,4
depthwise,4,0,0.01,5,0.8,1.0,0.0,2.0,0.6880069985684746,0.7616912223995324,4902,4
depthwise,4,0,0.005,1,0.8,1.0,0.1,1.0,0.6876093526324161,0.7616844290532773,10219,4
depthwise,4,0,0.01,5,0.8,0.8,0.1,1.0,0.6880865277556864,0.7616815447274929,4761,4
depthwise,4,0,0.01,5,1.0,0.8,0.1,2.0,0.6880069985684746,0.7616547255579198,5458,4
depthwise,4,0,0.01,10,0.8,1.0,0.0,2.0,0.6874502942579926,0.761650930392414,4896,4
depthwise,4,0,0.01,1,0.8,0.8,0.0,1.0,0.6870526483219341,0.7616392918848633,4761,4
depthwise,4,0,0.01,1,0.8,0.8,0.0,2.0,0.6876093526324161,0.7616255660362846,4762,4
depthwise,4,0,0.01,5,0.8,1.0,0.0,1.0,0.6874502942579926,0.7615495868228616,4685,4
depthwise,4,0,0.005,5,0.8,1.0,0.0,2.0,0.6855415937649117,0.761545260334185,10053,4
depthwise,4,0,0.01,5,0.8,0.8,0.0,2.0,0.6861778272626053,0.7615394537309614,4894,4
depthwise,4,0,0.01,1,1.0,0.8,0.1,2.0,0.6880865277556864,0.7615381380735862,6185,4
depthwise,4,0,0.005,10,0.8,1.0,0.0,1.0,0.686814060760299,0.7614735064050249,9336,4
depthwise,4,0,0.0025,1,0.8,1.0,0.1,2.0,0.6863368856370288,0.7614522155265382,18622,4
depthwise,4,0,0.01,10,0.8,1.0,0.1,2.0,0.6872912358835692,0.7614117337611446,4396,4
depthwise,4,0,0.0025,10,0.8,1.0,0.0,1.0,0.6867345315730873,0.7613954272000221,18171,4
depthwise,4,0,0.01,1,1.0,0.8,0.0,2.0,0.6869731191347225,0.7613400304341911,6074,4
depthwise,4,0,0.01,10,0.8,1.0,0.0,1.0,0.6872117066963576,0.7613304033643586,4406,4
depthwise,4,0,0.01,5,1.0,1.0,0.1,2.0,0.6888818196278034,0.7612962595253594,6047,4
depthwise,4,0,0.01,1,0.8,1.0,0.1,2.0,0.6869731191347225,0.7612748168402524,4347,4
depthwise,4,0,0.005,5,1.0,0.8,0.1,1.0,0.6877684110068395,0.7612426211862128,10771,4
depthwise,4,0,0.005,5,0.8,1.0,0.1,1.0,0.6854620645777,0.7612139170844383,9117,4
depthwise,4,0,0.01,1,1.0,0.8,0.1,1.0,0.6867345315730873,0.7612137020250598,6090,4
depthwise,4,0,0.005,1,0.8,1.0,0.0,2.0,0.6860187688881819,0.7612051376015687,9336,4
depthwise,4,0,0.0025,5,0.8,1.0,0.1,1.0,0.6864959440114522,0.7611822654041214,17663,4
depthwise,4,0,0.005,5,1.0,0.8,0.1,2.0,0.6868935899475107,0.7611729545980809,11001,4
depthwise,4,0,0.005,10,1.0,0.8,0.0,2.0,0.6864959440114522,0.7611653389659662,10894,4
depthwise,4,0,0.01,10,1.0,0.8,0.0,2.0,0.6868935899475107,0.7611479824090537,5330,4
depthwise,4,0,0.005,5,1.0,0.8,0.0,1.0,0.6874502942579926,0.76111192833675,10484,4
depthwise,4,0,0.0025,5,0.8,1.0,0.0,1.0,0.6860187688881819,0.7610654375593058,17325,4
depthwise,4,0,0.0025,5,0.8,1.0,0.1,2.0,0.6860982980753937,0.7610522809855529,17328,4
depthwise,4,0,0.005,5,1.0,1.0,0.0,2.0,0.6874502942579926,0.7610452346282639,11434,4
depthwise,4,0,0.005,10,0.8,1.0,0.0,2.0,0.6862573564498171,0.7610225521890919,8540,4
depthwise,4,0,0.01,10,1.0,0.8,0.0,1.0,0.687370765070781,0.7610166317309031,5344,4
depthwise,4,0,0.01,5,1.0,1.0,0.0,2.0,0.6874502942579926,0.7609124670883247,5999,4
depthwise,4,0,0.005,10,1.0,0.8,0.1,2.0,0.6862573564498171,0.7608917328341123,10375,4
depthwise,4,0,0.01,5,1.0,1.0,0.1,1.0,0.6869731191347225,0.7608781334910504,6200,4
depthwise,4,0,0.01,10,1.0,0.8,0.1,1.0,0.6864164148242405,0.7608514408269939,5134,4
depthwise,4,0,0.005,10,1.0,0.8,0.0,1.0,0.6865754731986639,0.7608319210257432,10704,4
depthwise,4,0,0.005,5,1.0,0.8,0.0,2.0,0.6864164148242405,0.7608037355965879,10002,4
depthwise,4,0,0.0025,10,0.8,1.0,0.0,2.0,0.6857006521393352,0.7607998392266686,16073,4
depthwise,4,0,0.01,5,1.0,0.8,0.1,1.0,0.6875298234452044,0.760770907414964,4787,4
depthwise,4,0,0.0025,10,0.8,1.0,0.1,2.0,0.6859392397009703,0.7607659104470482,16074,4
depthwise,4,0,0.01,5,1.0,1.0,0.0,1.0,0.6884841736917449,0.7606693108343778,5770,4
depthwise,4,0,0.005,5,1.0,1.0,0.1,1.0,0.6864959440114522,0.7606283989502268,10606,4
depthwise,4,0,0.005,1,1.0,0.8,0.0,1.0,0.6864959440114522,0.7606254893233392,10716,4
depthwise,4,0,0.005,10,1.0,1.0,0.0,2.0,0.6875298234452044,0.7606189236870144,11976,4
depthwise,4,0,0.01,1,1.0,0.8,0.0,1.0,0.6871321775091459,0.7606070701200851,5229,4
depthwise,4,0,0.0025,1,0.8,1.0,0.0,1.0,0.6867345315730873,0.76058684188794,15443,4
depthwise,4,0,0.0025,1,0.8,1.0,0.1,1.0,0.6857801813265468,0.7605544438250733,15457,4
depthwise,4,0,0.005,1,1.0,0.8,0.0,2.0,0.6861778272626053,0.7605460312082026,9814,4
depthwise,4,0,0.0025,10,1.0,0.8,0.0,2.0,0.6864164148242405,0.7605441209748981,19995,4
depthwise,4,0,0.005,1,1.0,0.8,0.1,1.0,0.6879274693812629,0.760426470844223,9807,4
depthwise,4,0,0.01,5,1.0,0.8,0.0,2.0,0.6861778272626053,0.7604113154833037,4446,4
depthwise,4,0,0.0025,5,1.0,1.0,0.1,2.0,0.6858597105137586,0.7603838890872495,19998,4
depthwise,4,0,0.01,1,1.0,1.0,0.1,2.0,0.6879274693812629,0.7603768047783057,5625,4
depthwise,4,0,0.005,10,0.8,1.0,0.1,1.0,0.6848258310800064,0.7603718078103899,7400,4
depthwise,4,0,0.0025,1,1.0,0.8,0.0,2.0,0.6860187688881819,0.7603463042981919,19021,4
depthwise,4,0,0.005,5,0.8,1.0,0.0,1.0,0.6849848894544298,0.7603137544287051,7394,4
depthwise,4,0,0.005,10,1.0,1.0,0.0,1.0,0.6864164148242405,0.760223657199601,10595,4
depthwise,4,0,0.005,5,1.0,1.0,0.0,1.0,0.6865754731986639,0.7602212662453324,9614,4
depthwise,4,0,0.005,1,0.8,1.0,0.1,2.0,0.6850644186416415,0.7602055036579323,7394,4
lossguide,0,32,0.01,10,0.8,0.8,0.0,2.0,0.6864164148242405,0.7601626941910286,3202,32
depthwise,6,0,0.01,5,0.8,0.8,0.0,1.0,0.6877684110068395,0.7601159883542057,3240,6
depthwise,4,0,0.01,10,1.0,1.0,0.1,2.0,0.6866550023858756,0.7601130913778698,5074,4
lossguide,0,32,0.01,5,0.8,0.8,0.1,2.0,0.6869731191347225,0.7600945456690987,3396,32
lossguide,0,32,0.01,1,0.8,0.8,0.1,2.0,0.6867345315730873,0.7600776571825987,3485,32
lossguide,0,32,0.01,10,0.8,0.8,0.0,1.0,0.686814060760299,0.7600447530976647,3046,32
depthwise,4,0,0.0025,10,1.0,1.0,0.0,2.0,0.6871321775091459,0.7600399079363692,19998,4
depthwise,4,0,0.005,10,1.0,1.0,0.1,1.0,0.6858597105137586,0.7600258152217916,9983,4
depthwise,4,0,0.01,1,0.8,1.0,0.1,1.0,0.6847463018927946,0.760024588118278,3516,4
depthwise,4,0,0.0025,10,1.0,1.0,0.0,1.0,0.6856211229521234,0.7600050683170273,19966,4
depthwise,6,0,0.01,5,0.8,0.8,0.1,1.0,0.6860982980753937,0.7599939105304406,2965,6
depthwise,4,0,0.01,1,0.8,1.0,0.0,1.0,0.6836328932718307,0.759965623896872,3518,4
lossguide,0,32,0.01,10,0.8,0.8,0.1,2.0,0.6849848894544298,0.7599585142868246,3045,32
depthwise,4,0,0.005,1,1.0,1.0,0.0,2.0,0.6851439478288532,0.7599397155670201,9544,4
lossguide,0,32,0.01,5,0.8,0.8,0.0,2.0,0.6856211229521234,0.7598776013582441,3328,32
depthwise,6,0,0.01,5,0.8,0.8,0.0,2.0,0.6876093526324161,0.7598478725617833,2801,6
depthwise,6,0,0.01,10,0.8,0.8,0.0,2.0,0.6860187688881819,0.7598429894488328,2946,6
depthwise,4,0,0.01,10,1.0,1.0,0.1,1.0,0.6855415937649117,0.7598361455003708,5191,4
depthwise,4,0,0.005,1,1.0,1.0,0.0,1.0,0.6877684110068395,0.7598211925482785,9262,4
depthwise,4,0,0.0025,5,1.0,0.8,0.0,2.0,0.6852234770160649,0.7598111986124471,16095,4
depthwise,6,0,0.005,1,0.8,0.8,0.0,1.0,0.6842691267695244,0.7597461115240252,4760,6
depthwise,4,0,0.005,5,1.0,1.0,0.1,2.0,0.6857006521393352,0.7597139032194338,8701,4
depthwise,4,0,0.01,1,1.0,1.0,0.0,2.0,0.6869731191347225,0.759689677412956,4800,4
depthwise,4,0,0.01,10,1.0,1.0,0.0,2.0,0.6860187688881819,0.759684731047247,4775,4
depthwise,6,0,0.01,1,0.8,0.8,0.0,2.0,0.6866550023858756,0.7596678552112985,2720,6
depthwise,6,0,0.005,1,0.8,0.8,0.1,1.0,0.6848258310800064,0.7596458938535726,4890,6
depthwise,4,0,0.0025,1,0.8,1.0,0.0,2.0,0.6845077143311595,0.7596299162067939,13001,4
lossguide,0,32,0.01,1,0.8,0.8,0.1,1.0,0.6864164148242405,0.7596223385263341,3152,32
depthwise,6,0,0.01,1,0.8,0.8,0.0,1.0,0.6854620645777,0.7596208078095803,2652,6
depthwise,6,0,0.01,1,0.8,0.8,0.1,2.0,0.6852234770160649,0.7596168481869027,2801,6
lossguide,0,32,0.01,10,0.8,0.8,0.1,1.0,0.6853825353904883,0.75959491213028,2994,32
depthwise,6,0,0.005,1,0.8,0.8,0.0,2.0,0.6848258310800064,0.7595860061418934,5094,6
depthwise,6,0,0.005,5,0.8,0.8,0.0,1.0,0.6845077143311595,0.7595815278465968,5095,6
depthwise,6,0,0.01,10,0.8,0.8,0.1,1.0,0.6855415937649117,0.7595746965486867,2815,6
depthwise,6,0,0.01,5,0.8,0.8,0.1,2.0,0.6859392397009703,0.7595744308871012,2815,6
depthwise,4,0,0.01,1,1.0,1.0,0.0,1.0,0.6859392397009703,0.759566473690091,4871,4
depthwise,6,0,0.005,10,0.8,0.8,0.0,1.0,0.684110068395101,0.7595546327737135,4905,6
depthwise,6,0,0.005,1,0.8,0.8,0.1,2.0,0.6844281851439479,0.7595342906866032,5094,6
depthwise,6,0,0.01,10,0.8,1.0,0.0,1.0,0.6844281851439479,0.7595282057712424,3043,6
depthwise,4,0,0.0025,5,1.0,1.0,0.0,1.0,0.684905360267218,0.7595207292951963,17204,4
depthwise,6,0,0.005,10,0.8,0.8,0.0,2.0,0.6847463018927946,0.7595186925563748,4899,6
depthwise,6,0,0.005,5,0.8,0.8,0.1,1.0,0.684666772705583,0.7595179461738255,4680,6
depthwise,6,0,0.01,10,0.8,0.8,0.1,2.0,0.6872912358835692,0.7595018420215298,2704,6
depthwise,6,0,0.005,5,0.8,0.8,0.1,2.0,0.684110068395101,0.7594853963043386,5094,6
depthwise,6,0,0.01,5,0.8,1.0,0.0,1.0,0.6843486559567361,0.759468204204598,2720,6
depthwise,6,0,0.01,10,0.8,0.8,0.0,1.0,0.6860187688881819,0.7594508476476857,2719,6
depthwise,4,0,0.0025,1,1.0,1.0,0.1,2.0,0.6855415937649117,0.7594461795941136,17773,4
depthwise,6,0,0.0025,5,0.8,0.8,0.1,1.0,0.6845077143311595,0.7594321248311912,9857,6
depthwise,6,0,0.005,5,0.8,0.8,0.0,2.0,0.6848258310800064,0.759427178465482,4904,6
lossguide,0,32,0.005,5,0.8,0.8,0.1,2.0,0.6853825353904883,0.7594227887240472,4804,32
depthwise,6,0,0.01,10,0.8,1.0,0.1,1.0,0.6850644186416415,0.7594227760734955,3283,6
depthwise,4,0,0.01,1,1.0,1.0,0.1,1.0,0.6853825353904883,0.7594191453651618,4418,4
depthwise,6,0,0.01,1,0.8,0.8,0.1,1.0,0.6840305392078893,0.7594121243089763,2650,6
depthwise,6,0,0.01,10,0.8,1.0,0.1,2.0,0.6858597105137586,0.7593808900968647,3056,6
depthwise,4,0,0.0025,5,1.0,1.0,0.0,2.0,0.6849848894544298,0.7593668606350457,16827,4
depthwise,6,0,0.0025,1,0.8,1.0,0.0,2.0,0.6829171305869254,0.7593466450534522,9799,6
depthwise,6,0,0.0025,1,0.8,0.8,0.1,2.0,0.6837919516462542,0.7593325143872194,9398,6
depthwise,4,0,0.005,10,1.0,0.8,0.1,1.0,0.6855415937649117,0.759327985489716,7444,4
depthwise,6,0,0.01,10,0.8,1.0,0.0,2.0,0.6845872435183712,0.7593179789033329,2896,6
depthwise,4,0,0.005,1,1.0,1.0,0.1,1.0,0.684905360267218,0.7593171819185766,9248,4
lossguide,0,32,0.005,5,0.8,0.8,0.0,1.0,0.6836328932718307,0.7593129313332102,4892,32
lossguide,0,32,0.005,10,0.8,0.8,0.1,2.0,0.6845077143311595,0.7593030006501371,4367,32
lossguide,0,32,0.005,1,0.8,0.8,0.1,2.0,0.6845077143311595,0.7592843157852976,4765,32
depthwise,6,0,0.0025,1,0.8,1.0,0.1,2.0,0.6837919516462542,0.7592820892882011,9813,6
depthwise,6,0,0.0025,10,0.8,0.8,0.0,2.0,0.6836328932718307,0.7592660104370088,9396,6
depthwise,6,0,0.0025,5,0.8,0.8,0.1,2.0,0.6837919516462542,0.7592636574343953,9396,6
depthwise,6,0,0.0025,5,0.8,0.8,0.0,2.0,0.6836328932718307,0.7592554851780065,9398,6
depthwise,6,0,0.005,10,0.8,0.8,0.1,1.0,0.6833943057101957,0.7592445424507985,4395,6
depthwise,6,0,0.0025,5,0.8,0.8,0.0,1.0,0.6847463018927946,0.7592422906525984,9279,6
depthwise,4,0,0.005,1,1.0,1.0,0.1,2.0,0.6844281851439479,0.7592213286884556,8848,4
lossguide,0,32,0.005,5,0.8,0.8,0.1,1.0,0.6848258310800064,0.7592082606685644,4893,32
depthwise,4,0,0.0025,1,1.0,1.0,0.1,1.0,0.6849848894544298,0.7592078432003588,16863,4
lossguide,0,32,0.005,10,0.8,0.8,0.0,2.0,0.6857006521393352,0.7591954962619138,4412,32
depthwise,6,0,0.005,10,0.8,0.8,0.1,2.0,0.6838714808334658,0.759151080174946,4395,6
depthwise,6,0,0.01,1,0.8,1.0,0.1,1.0,0.6837919516462542,0.7591089791389367,2481,6
depthwise,4,0,0.0025,1,1.0,1.0,0.0,2.0,0.6851439478288532,0.759106955050667,17315,4
depthwise,4,0,0.01,10,1.0,1.0,0.0,1.0,0.6844281851439479,0.7591039062677108,3928,4
depthwise,6,0,0.01,1,0.8,1.0,0.0,2.0,0.6843486559567361,0.7590954556991848,2484,6
depthwise,6,0,0.01,1,0.8,1.0,0.0,1.0,0.6843486559567361,0.7590944436550501,2647,6
lossguide,0,32,0.01,1,0.8,0.8,0.0,1.0,0.6836328932718307,0.7590804268437825,2663,32
depthwise,4,0,0.0025,10,1.0,1.0,0.1,1.0,0.6838714808334658,0.7590761889089679,16129,4
lossguide,0,32,0.005,10,0.8,0.8,0.1,1.0,0.6838714808334658,0.7590594522290879,4419,32
lossguide,0,32,0.005,5,0.8,0.8,0.0,2.0,0.6837124224590425,0.7590476872160205,4167,32
lossguide,0,32,0.01,10,0.8,1.0,0.0,2.0,0.6839510100206776,0.7590013102935413,2666,32
depthwise,6,0,0.0025,5,0.8,1.0,0.0,1.0,0.6829966597741371,0.7589699242748096,9320,6
depthwise,4,0,0.0025,10,1.0,1.0,0.1,2.0,0.6837124224590425,0.7589420171577914,15464,4
depthwise,4,0,0.0025,5,1.0,1.0,0.1,1.0,0.6838714808334658,0.7589030281574968,14880,4
depthwise,6,0,0.0025,1,0.8,0.8,0.1,1.0,0.6835533640846191,0.7588924143446326,8478,6
depthwise,6,0,0.0025,1,0.8,0.8,0.0,2.0,0.6833943057101957,0.758878524038882,8474,6
depthwise,4,0,0.005,10,1.0,1.0,0.1,2.0,0.6842691267695244,0.7588751716426854,7663,4
depthwise,6,0,0.0025,1,0.8,0.8,0.0,1.0,0.6835533640846191,0.7588721355102808,8536,6
depthwise,6,0,0.01,1,0.8,1.0,0.1,2.0,0.6832352473357722,0.7588426850259569,2484,6
lossguide,0,32,0.005,1,0.8,0.8,0.0,2.0,0.6845077143311595,0.7588395097374839,4495,32
lossguide,0,32,0.01,10,0.8,1.0,0.1,2.0,0.6833943057101957,0.7588364230028726,2654,32
depthwise,6,0,0.0025,1,0.8,1.0,0.1,1.0,0.6833943057101957,0.7588094267255757,8410,6
lossguide,0,32,0.005,1,0.8,0.8,0.1,1.0,0.6841895975823127,0.7588026207287688,4206,32
depthwise,6,0,0.005,10,0.8,1.0,0.1,1.0,0.6831557181485606,0.7587841382727565,4657,6
depthwise,6,0,0.01,5,0.8,1.0,0.1,1.0,0.6817241927787498,0.7587753587898868,2484,6
depthwise,6,0,0.01,1,1.0,0.8,0.0,2.0,0.6840305392078893,0.7587604817411044,3073,6
lossguide,0,32,0.0025,1,0.8,1.0,0.1,2.0,0.6825990138380785,0.7587524106891291,8755,32
depthwise,6,0,0.0025,10,0.8,1.0,0.1,2.0,0.6837124224590425,0.7587489570885191,8592,6
depthwise,6,0,0.0025,10,0.8,0.8,0.1,2.0,0.6835533640846191,0.7587142566252458,8251,6
depthwise,6,0,0.0025,10,0.8,1.0,0.0,2.0,0.6839510100206776,0.7587133963877312,8328,6
lossguide,0,32,0.01,5,0.8,1.0,0.1,2.0,0.684666772705583,0.7587042120872074,2647,32
depthwise,6,0,0.0025,1,0.8,1.0,0.0,1.0,0.6819627803403849,0.7586863874598826,8408,6
lossguide,0,32,0.01,1,0.8,0.8,0.0,2.0,0.6844281851439479,0.7586858687872635,2129,32
lossguide,0,32,0.005,10,0.8,1.0,0.1,2.0,0.6850644186416415,0.758669157408487,4369,32
lossguide,0,32,0.01,5,0.8,0.8,0.1,1.0,0.6845077143311595,0.7586643628493981,2137,32
lossguide,0,32,0.0025,1,0.8,1.0,0.0,2.0,0.6830761889613488,0.7586405292100227,8349,32
lossguide,0,32,0.01,1,0.8,1.0,0.0,1.0,0.6839510100206776,0.7586381382557541,2701,32
depthwise,4,0,0.005,1,1.0,0.8,0.1,2.0,0.6843486559567361,0.7586361647696911,6504,4
depthwise,6,0,0.0025,10,0.8,1.0,0.1,1.0,0.6839510100206776,0.7586220341034584,8413,6
depthwise,6,0,0.0025,5,0.8,1.0,0.0,2.0,0.6828376013997137,0.7586062335644032,8326,6
lossguide,0,32,0.01,1,0.8,1.0,0.1,1.0,0.6839510100206776,0.758587055328048,2700,32
depthwise,6,0,0.0025,5,0.8,1.0,0.1,2.0,0.6831557181485606,0.7585622981983995,8327,6
lossguide,0,32,0.005,10,0.8,1.0,0.0,2.0,0.6849848894544298,0.7585582626724119,4110,32
lossguide,0,32,0.01,1,1.0,0.8,0.1,2.0,0.6831557181485606,0.7585453211580376,2348,32
depthwise,6,0,0.0025,10,0.8,1.0,0.0,1.0,0.6837124224590425,0.7585419940629442,8074,6
lossguide,0,32,0.005,10,0.8,1.0,0.0,1.0,0.6848258310800064,0.7585252826841677,4438,32
lossguide,0,32,0.005,10,1.0,0.8,0.1,2.0,0.6832352473357722,0.75852462485548,4322,32
depthwise,6,0,0.0025,5,0.8,1.0,0.1,1.0,0.6822808970892318,0.7585195013820475,8320,6
lossguide,0,32,0.0025,1,0.8,1.0,0.0,1.0,0.6835533640846191,0.7585193369248755,8752,32
lossguide,0,32,0.005,5,0.8,1.0,0.1,2.0,0.6837124224590425,0.7585030430143047,4154,32
depthwise,4,0,0.005,1,0.8,1.0,0.0,1.0,0.6838714808334658,0.7584987418267315,5473,4
lossguide,0,32,0.01,10,0.8,1.0,0.0,1.0,0.684110068395101,0.758486736453182,2341,32
lossguide,0,32,0.01,5,0.8,0.8,0.0,1.0,0.6829966597741371,0.7584596010198166,2174,32
depthwise,4,0,0.0025,1,1.0,1.0,0.0,1.0,0.6853030062032766,0.7584446860193794,14146,4
lossguide,0,32,0.005,1,0.8,1.0,0.1,2.0,0.6828376013997137,0.7584199921424893,4372,32
lossguide,0,32,0.005,10,0.8,1.0,0.1,1.0,0.6849848894544298,0.7584190433511129,4371,32
lossguide,0,32,0.01,10,0.8,1.0,0.1,1.0,0.6843486559567361,0.7584181325113916,2206,32
lossguide,0,32,0.005,10,0.8,0.8,0.0,1.0,0.6841895975823127,0.758402471128405,3495,32
depthwise,4,0,0.0025,5,0.8,1.0,0.0,2.0,0.6832352473357722,0.7583882898599655,10670,4
depthwise,6,0,0.005,1,0.8,1.0,0.0,1.0,0.6835533640846191,0.7583574604655079,3998,6
lossguide,0,32,0.01,10,1.0,0.8,0.1,1.0,0.6844281851439479,0.7583302491288324,2607,32
depthwise,6,0,0.005,10,0.8,1.0,0.0,2.0,0.6830761889613488,0.7583207612150683,4017,6
depthwise,6,0,0.005,1,0.8,1.0,0.1,2.0,0.6830761889613488,0.7583127534158514,3996,6
lossguide,0,32,0.005,1,0.8,1.0,0.0,2.0,0.6833943057101957,0.7582965480591422,4163,32
lossguide,0,32,0.01,5,1.0,0.8,0.0,2.0,0.6842691267695244,0.7582924492803962,2757,32
lossguide,0,32,0.01,10,1.0,0.8,0.1,2.0,0.6845077143311595,0.7582830119688388,1994,32
lossguide,0,32,0.005,10,1.0,0.8,0.0,2.0,0.684110068395101,0.758279621620987,4568,32
depthwise,6,0,0.0025,10,0.8,0.8,0.1,1.0,0.6829966597741371,0.7582719300855623,7390,6
lossguide,0,32,0.01,5,1.0,0.8,0.1,2.0,0.6841895975823127,0.7582591530283599,2156,32
lossguide,0,32,0.005,10,1.0,0.8,0.1,1.0,0.6844281851439479,0.7582520181172092,4609,32
lossguide,0,32,0.01,5,0.8,1.0,0.1,1.0,0.6826785430252903,0.7582383934730439,2136,32
depthwise,6,0,0.0025,10,0.8,0.8,0.0,1.0,0.6821218387148084,0.7582364073364294,7423,6
depthwise,6,0,0.005,10,0.8,1.0,0.0,1.0,0.6831557181485606,0.7582012514532954,3998,6
lossguide,0,64,0.0025,10,0.8,0.8,0.0,2.0,0.6829171305869254,0.758191738238428,6870,64
depthwise,6,0,0.01,5,0.8,1.0,0.1,2.0,0.6828376013997137,0.758180074429774,2124,6
depthwise,6,0,0.005,1,0.8,1.0,0.0,2.0,0.6833147765229839,0.7581724587976593,3997,6
depthwise,6,0,0.005,10,0.8,1.0,0.1,2.0,0.6812470176554796,0.7581700804939422,4014,6
lossguide,0,32,0.0025,10,1.0,0.8,0.0,2.0,0.6845872435183712,0.758158062469841,8173,32
lossguide,0,32,0.005,5,0.8,1.0,0.0,2.0,0.6847463018927946,0.7581384035125218,3722,32
lossguide,0,64,0.0025,1,0.8,0.8,0.1,2.0,0.6825990138380785,0.7581257529608363,7324,64
lossguide,0,32,0.005,1,0.8,1.0,0.0,1.0,0.6829966597741371,0.758116669864726,4220,32
lossguide,0,32,0.01,5,1.0,0.8,0.1,1.0,0.6839510100206776,0.758105132561589,2545,32
lossguide,0,32,0.005,1,0.8,0.8,0.0,1.0,0.6824399554636552,0.7581050566582788,3498,32
depthwise,6,0,0.01,1,1.0,0.8,0.1,2.0,0.6825194846508669,0.7581045506362114,2575,6
lossguide,0,64,0.0025,5,0.8,0.8,0.1,2.0,0.6828376013997137,0.7580905211743921,6579,64
lossguide,0,32,0.01,10,1.0,0.8,0.0,2.0,0.6828376013997137,0.7580894079258439,2318,32
depthwise,6,0,0.005,1,0.8,1.0,0.1,1.0,0.6837919516462542,0.7580766435191932,3998,6
lossguide,0,64,0.0025,10,0.8,0.8,0.1,2.0,0.6824399554636552,0.7580751760551976,6599,64
lossguide,0,32,0.0025,10,0.8,1.0,0.0,2.0,0.6832352473357722,0.758065473082055,6578,32
lossguide,0,32,0.005,1,1.0,0.8,0.1,1.0,0.6829966597741371,0.7580533791546435,4541,32
depthwise,6,0,0.005,5,0.8,1.0,0.0,2.0,0.6825194846508669,0.7580396027038582,4003,6
lossguide,0,32,0.0025,10,0.8,1.0,0.1,2.0,0.6835533640846191,0.7580369587385558,6578,32
lossguide,0,64,0.0025,5,0.8,0.8,0.0,2.0,0.682758072212502,0.7580349979030445,6603,64
lossguide,0,64,0.005,10,0.8,0.8,0.1,2.0,0.6833147765229839,0.7580320756256053,3395,64
lossguide,0,64,0.01,5,0.8,0.8,0.0,2.0,0.6845872435183712,0.7580245358968006,2082,64
lossguide,0,64,0.005,10,0.8,0.8,0.0,2.0,0.6838714808334658,0.7580132895563523,3326,64
lossguide,0,32,0.005,1,1.0,0.8,0.0,2.0,0.6848258310800064,0.7580095702941567,4081,32
lossguide,0,32,0.0025,5,0.8,1.0,0.0,2.0,0.6828376013997137,0.7580072046409916,6578,32
depthwise,6,0,0.005,5,0.8,1.0,0.1,2.0,0.6820423095275966,0.7580029161039701,4014,6
depthwise,6,0,0.005,5,0.8,1.0,0.0,1.0,0.6820423095275966,0.7579881529101531,4004,6
lossguide,0,64,0.005,5,0.8,0.8,0.0,2.0,0.6837919516462542,0.7579835860609947,3364,64
depthwise,6,0,0.01,5,0.8,1.0,0.0,2.0,0.6818832511531732,0.7579829282323071,2123,6
lossguide,0,32,0.0025,5,0.8,1.0,0.1,2.0,0.6833943057101957,0.7579662548051855,6567,32
lossguide,0,32,0.01,1,1.0,0.8,0.0,2.0,0.684666772705583,0.7579562229176989,2414,32
lossguide,0,32,0.0025,10,0.8,1.0,0.1,1.0,0.6834738348974073,0.7579404603302988,6578,32
depthwise,6,0,0.01,10,1.0,0.8,0.0,1.0,0.6831557181485606,0.7579385880486494,2802,6
lossguide,0,32,0.01,10,1.0,1.0,0.0,2.0,0.6842691267695244,0.7579383223870642,2133,32
lossguide,0,32,0.005,5,1.0,0.8,0.1,1.0,0.6828376013997137,0.7579372850418257,4102,32
depthwise,6,0,0.01,5,1.0,1.0,0.0,1.0,0.684666772705583,0.7579346284259718,3049,6
lossguide,0,32,0.005,5,0.8,1.0,0.1,1.0,0.6840305392078893,0.7579213832983571,3719,32
lossguide,0,64,0.01,5,0.8,0.8,0.1,2.0,0.6832352473357722,0.7579156652489951,1769,64
lossguide,0,32,0.0025,5,1.0,0.8,0.1,2.0,0.6834738348974073,0.7579135526068639,7679,32
lossguide,0,64,0.01,1,0.8,0.8,0.0,2.0,0.6839510100206776,0.7579103773183906,1999,64
lossguide,0,32,0.0025,10,1.0,0.8,0.1,2.0,0.6843486559567361,0.7579070122716424,7829,32
lossguide,0,64,0.0025,5,0.8,0.8,0.1,1.0,0.6828376013997137,0.75790324240724,6870,64
depthwise,6,0,0.005,5,0.8,1.0,0.1,1.0,0.6818037219659615,0.7578935394340973,4003,6
lossguide,0,32,0.01,10,1.0,1.0,0.1,2.0,0.6823604262764434,0.7578735768635376,2115,32
lossguide,0,32,0.01,1,0.8,1.0,0.0,2.0,0.6826785430252903,0.7578727545776781,1854,32
lossguide,0,64,0.0025,1,0.8,0.8,0.0,1.0,0.6828376013997137,0.7578685545945185,6826,64
lossguide,0,32,0.0025,1,1.0,0.8,0.1,2.0,0.6837919516462542,0.7578597877622004,7907,32
lossguide,0,32,0.01,10,1.0,0.8,0.0,1.0,0.6842691267695244,0.7578575992167588,2142,32
lossguide,0,64,0.01,10,0.8,0.8,0.1,1.0,0.6829966597741371,0.7578337529268317,1754,64
lossguide,0,64,0.0025,1,0.8,0.8,0.0,2.0,0.6830761889613488,0.757831893295734,6594,64
lossguide,0,32,0.0025,10,1.0,1.0,0.0,2.0,0.6818037219659615,0.7578315896824934,7904,32
lossguide,0,64,0.01,10,1.0,0.8,0.1,2.0,0.6823604262764434,0.7578188885286011,1695,64
lossguide,0,64,0.0025,1,0.8,1.0,0.0,1.0,0.6823604262764434,0.7578181547966034,7313,64
lossguide,0,64,0.005,1,0.8,0.8,0.1,1.0,0.6833147765229839,0.7578151186641988,3387,64
lossguide,0,32,0.01,5,0.8,1.0,0.0,2.0,0.6848258310800064,0.7578120825317944,1871,32
lossguide,0,32,0.0025,5,0.8,1.0,0.1,1.0,0.6829171305869254,0.7577727772677074,6578,32
lossguide,0,64,0.01,1,0.8,0.8,0.1,1.0,0.6826785430252903,0.7577639724837344,1731,64
lossguide,0,32,0.0025,5,0.8,1.0,0.0,1.0,0.6838714808334658,0.7577550538447961,6578,32
lossguide,0,64,0.0025,10,0.8,1.0,0.0,1.0,0.6813265468426912,0.7577511701254287,6114,64
lossguide,0,32,0.0025,10,1.0,0.8,0.1,1.0,0.6841895975823127,0.7577441870208983,7439,32
depthwise,6,0,0.01,10,1.0,0.8,0.0,2.0,0.6828376013997137,0.7577330292343116,2642,6
lossguide,0,32,0.005,1,1.0,0.8,0.0,1.0,0.6825990138380785,0.7577235792722027,4168,32
lossguide,0,64,0.01,10,0.8,0.8,0.1,2.0,0.6837919516462542,0.7577207581991767,1611,64
lossguide,0,64,0.01,5,0.8,0.8,0.1,1.0,0.6845077143311595,0.7577201003704892,1731,64
lossguide,0,64,0.0025,10,0.8,1.0,0.1,1.0,0.6828376013997137,0.7577191642296643,6114,64
lossguide,0,32,0.01,1,1.0,0.8,0.1,1.0,0.6830761889613488,0.7577030727279204,2052,32
lossguide,0,32,0.005,10,1.0,0.8,0.0,1.0,0.6839510100206776,0.7576920920490575,4049,32
lossguide,0,64,0.0025,10,0.8,1.0,0.0,2.0,0.6822808970892318,0.757686437252454,6114,64
depthwise,6,0,0.01,5,1.0,0.8,0.0,1.0,0.6825194846508669,0.7576611994018414,2396,6
lossguide,0,32,0.0025,5,1.0,0.8,0.1,1.0,0.6832352473357722,0.7576595674806739,7624,32
lossguide,0,32,0.0025,1,0.8,1.0,0.1,1.0,0.6837124224590425,0.7576465753640931,6578,32
lossguide,0,64,0.0025,5,0.8,1.0,0.1,2.0,0.6818832511531732,0.7576460440409222,6117,64
depthwise,6,0,0.01,5,1.0,0.8,0.1,1.0,0.6823604262764434,0.7576448422385121,2372,6
lossguide,0,64,0.0025,10,0.8,0.8,0.1,1.0,0.6829171305869254,0.7576378717845335,5816,64
lossguide,0,64,0.0025,5,0.8,1.0,0.0,2.0,0.681406076029903,0.7576334820430985,6137,64
depthwise,6,0,0.01,10,1.0,0.8,0.1,1.0,0.6824399554636552,0.7576300157919367,2372,6
lossguide,0,64,0.005,10,0.8,0.8,0.1,1.0,0.6825194846508669,0.7576296742270412,2840,64
lossguide,0,32,0.0025,10,0.8,1.0,0.0,1.0,0.6829966597741371,0.7576239182260244,6106,32
lossguide,0,32,0.0025,1,1.0,0.8,0.0,2.0,0.6833147765229839,0.7576221344982366,7602,32
depthwise,6,0,0.005,10,1.0,0.8,0.1,1.0,0.6824399554636552,0.7576171754819758,4445,6
lossguide,0,32,0.005,5,1.0,0.8,0.0,2.0,0.6818037219659615,0.7576164290994265,3895,32
lossguide,0,64,0.0025,10,1.0,0.8,0.1,2.0,0.6833147765229839,0.7576107996039263,6003,64
lossguide,0,64,0.01,1,0.8,0.8,0.0,1.0,0.6840305392078893,0.7576085225046231,1554,64
depthwise,6,0,0.01,5,1.0,0.8,0.1,2.0,0.6816446635915381,0.7576070423900758,2426,6
depthwise,6,0,0.01,1,1.0,0.8,0.1,1.0,0.6831557181485606,0.7575981364016893,2374,6
lossguide,0,32,0.0025,1,1.0,0.8,0.1,1.0,0.6832352473357722,0.7575952647264567,7560,32
lossguide,0,64,0.01,5,1.0,0.8,0.1,2.0,0.6855415937649117,0.757569988924189,1696,64
lossguide,0,64,0.0025,10,0.8,0.8,0.0,1.0,0.6829171305869254,0.7575641570198619,5827,64
depthwise,6,0,0.005,5,1.0,0.8,0.0,1.0,0.6828376013997137,0.7575636256966911,4691,6
lossguide,0,64,0.005,5,0.8,0.8,0.1,2.0,0.6820423095275966,0.757562588351453,2722,64
depthwise,6,0,0.01,5,1.0,0.8,0.0,2.0,0.6818832511531732,0.7575480149159113,2194,6
lossguide,0,32,0.01,10,1.0,1.0,0.0,1.0,0.6816446635915381,0.7575348583421584,1926,32
lossguide,0,64,0.005,5,1.0,0.8,0.1,2.0,0.6848258310800064,0.7575299752292077,3203,64
lossguide,0,32,0.01,1,0.8,1.0,0.1,2.0,0.6830761889613488,0.7575266101824594,1856,32
lossguide,0,32,0.005,10,1.0,1.0,0.0,1.0,0.6830761889613488,0.757519513222964,3642,32
lossguide,0,32,0.01,5,1.0,1.0,0.1,2.0,0.6829966597741371,0.7575183746733122,2122,32
lossguide,0,32,0.005,5,1.0,0.8,0.1,2.0,0.682758072212502,0.757516565644421,3725,32
lossguide,0,32,0.005,10,1.0,1.0,0.1,1.0,0.6829171305869254,0.7575132258987761,3947,32
lossguide,0,64,0.0025,1,0.8,1.0,0.1,2.0,0.6820423095275966,0.7575121253007795,6171,64
lossguide,0,64,0.0025,1,0.8,1.0,0.1,1.0,0.6819627803403849,0.7575082921836189,6215,64
lossguide,0,64,0.01,10,0.8,1.0,0.1,2.0,0.6823604262764434,0.7575048132819053,1625,64
lossguide,0,32,0.01,5,0.8,1.0,0.0,1.0,0.6829171305869254,0.7575039656949425,1700,32
depthwise,8,0,0.01,5,0.8,0.8,0.0,1.0,0.6845872435183712,0.7574996012546109,1710,8
lossguide,0,64,0.0025,5,0.8,0.8,0.0,1.0,0.6818832511531732,0.7574985892104761,6188,64
lossguide,0,64,0.01,10,0.8,0.8,0.0,2.0,0.6831557181485606,0.7574949205504872,1616,64
lossguide,0,64,0.005,10,1.0,0.8,0.0,2.0,0.6851439478288532,0.7574911380355333,3266,64
depthwise,8,0,0.005,5,0.8,0.8,0.0,1.0,0.6829966597741371,0.7574827886714208,3323,8
lossguide,0,32,0.005,1,1.0,0.8,0.1,2.0,0.6829966597741371,0.757481498315149,3484,32
lossguide,0,64,0.0025,1,0.8,0.8,0.1,1.0,0.6826785430252903,0.7574736676236556,6186,64
depthwise,8,0,0.01,10,0.8,0.8,0.1,2.0,0.6844281851439479,0.7574710236583533,1748,8
lossguide,0,64,0.0025,5,0.8,1.0,0.1,1.0,0.6818037219659615,0.7574676206599499,6114,64
lossguide,0,64,0.01,1,0.8,1.0,0.0,1.0,0.6837124224590425,0.7574539707146812,1710,64
lossguide,0,64,0.0025,5,0.8,1.0,0.0,1.0,0.6811674884682678,0.7574440779832632,6322,64
depthwise,8,0,0.01,1,0.8,0.8,0.1,2.0,0.6841895975823127,0.7574422057016137,1711,8
lossguide,0,64,0.0025,10,1.0,0.8,0.0,2.0,0.6841895975823127,0.7574405864309979,6017,64
lossguide,0,32,0.005,5,1.0,1.0,0.0,2.0,0.6825990138380785,0.7574380183690059,4200,32
lossguide,0,64,0.0025,1,0.8,1.0,0.0,2.0,0.6822808970892318,0.7574348304299809,6195,64
lossguide,0,32,0.01,1,1.0,0.8,0.0,1.0,0.6822808970892318,0.7574189539876158,1845,32
lossguide,0,64,0.005,1,0.8,0.8,0.1,2.0,0.6824399554636552,0.7574175750774822,2717,64
depthwise,8,0,0.01,10,0.8,0.8,0.0,1.0,0.6839510100206776,0.7574167148399675,1730,8
lossguide,0,64,0.005,10,0.8,0.8,0.0,1.0,0.6832352473357722,0.7574128564217034,2839,64
lossguide,0,64,0.01,1,0.8,1.0,0.1,2.0,0.6835533640846191,0.7574118696786719,1585,64
lossguide,0,64,0.01,10,0.8,0.8,0.0,1.0,0.6849848894544298,0.7574099720959191,1510,64
lossguide,0,32,0.005,5,1.0,0.8,0.0,1.0,0.682758072212502,0.7574093901705417,3376,32
lossguide,0,64,0.005,5,0.8,0.8,0.1,1.0,0.6823604262764434,0.7573964486561673,2719,64
lossguide,0,64,0.005,10,1.0,0.8,0.1,2.0,0.6837124224590425,0.7573918818070089,3154,64
depthwise,6,0,0.005,10,1.0,0.8,0.0,2.0,0.6813265468426912,0.7573883017008819,4789,6
depthwise,6,0,0.005,5,1.0,1.0,0.0,1.0,0.6841895975823127,0.757379446314702,4763,6
depthwise,8,0,0.005,1,0.8,0.8,0.0,2.0,0.684110068395101,0.7573778902968448,3337,8
depthwise,6,0,0.01,5,1.0,1.0,0.1,1.0,0.6839510100206776,0.7573776119847075,2726,6
depthwise,8,0,0.01,1,0.8,0.8,0.0,1.0,0.6852234770160649,0.7573640505933008,1720,8
depthwise,6,0,0.0025,5,1.0,0.8,0.0,2.0,0.6837124224590425,0.7573636963778536,9119,6
lossguide,0,32,0.01,1,1.0,1.0,0.1,2.0,0.6835533640846191,0.7573593445880737,2200,32
depthwise,8,0,0.01,1,0.8,1.0,0.1,2.0,0.6831557181485606,0.7573470735529387,1902,8
depthwise,8,0,0.005,5,0.8,0.8,0.1,2.0,0.6837124224590425,0.7573437970600523,3324,8
lossguide,0,64,0.01,10,0.8,1.0,0.0,1.0,0.6826785430252903,0.7573370037137972,1757,64
lossguide,0,64,0.005,1,0.8,0.8,0.0,2.0,0.6825990138380785,0.7573304380774725,2717,64
depthwise,8,0,0.01,1,0.8,0.8,0.0,2.0,0.6845077143311595,0.7573275411011362,1634,8
depthwise,6,0,0.0025,5,1.0,0.8,0.0,1.0,0.6828376013997137,0.7573233664190802,9183,6
lossguide,0,64,0.01,10,0.8,1.0,0.1,1.0,0.6826785430252903,0.757317989934614,1471,64
lossguide,0,32,0.01,5,1.0,0.8,0.0,1.0,0.6831557181485606,0.7573048839630676,1770,32
lossguide,0,64,0.01,5,0.8,1.0,0.1,1.0,0.6829171305869254,0.7572972556804013,1728,64
depthwise,6,0,0.005,1,1.0,0.8,0.0,1.0,0.6831557181485606,0.7572937008753776,4454,6
depthwise,8,0,0.0025,10,0.8,0.8,0.0,1.0,0.6833943057101957,0.7572917400398663,6999,8
lossguide,0,64,0.01,1,1.0,0.8,0.1,2.0,0.6833943057101957,0.7572865027114686,1758,64
lossguide,0,64,0.005,1,1.0,0.8,0.0,2.0,0.6851439478288532,0.7572817208029315,3416,64
lossguide,0,32,0.005,10,1.0,1.0,0.0,2.0,0.6833943057101957,0.7572802659894876,3508,32
depthwise,8,0,0.01,10,0.8,0.8,0.0,2.0,0.6840305392078893,0.7572786467188719,1634,8
lossguide,0,64,0.005,10,0.8,1.0,0.1,2.0,0.6821218387148084,0.7572603666716864,2869,64
depthwise,8,0,0.01,5,0.8,0.8,0.0,2.0,0.6833943057101957,0.7572574949964537,1709,8
lossguide,0,64,0.0025,10,1.0,0.8,0.0,1.0,0.684110068395101,0.7572537883848101,5644,64
lossguide,0,32,0.01,5,1.0,1.0,0.0,2.0,0.6819627803403849,0.7572391390459582,1762,32
lossguide,0,64,0.01,5,1.0,0.8,0.1,1.0,0.6839510100206776,0.7572381396523751,1463,64
lossguide,0,64,0.005,1,0.8,0.8,0.0,1.0,0.6836328932718307,0.7572356348431413,2718,64
lossguide,0,64,0.005,5,0.8,0.8,0.0,1.0,0.6833943057101957,0.757232105339221,2717,64
depthwise,6,0,0.005,5,1.0,1.0,0.1,2.0,0.6823604262764434,0.7572269059624783,4914,6
lossguide,0,32,0.0025,5,1.0,1.0,0.0,1.0,0.6814856052171147,0.7572200493634647,6745,32
depthwise,6,0,0.01,10,1.0,0.8,0.1,2.0,0.6818037219659615,0.7571914717672071,2323,6
lossguide,0,64,0.01,1,0.8,1.0,0.0,2.0,0.6823604262764434,0.7571897259910746,1576,64
lossguide,0,32,0.0025,5,1.0,0.8,0.0,2.0,0.6825194846508669,0.7571637923601193,6261,32
lossguide,0,32,0.005,5,1.0,1.0,0.1,1.0,0.6819627803403849,0.7571637164568092,3605,32
lossguide,0,64,0.005,5,1.0,0.8,0.0,1.0,0.6841895975823127,0.7571627929665361,2883,64
lossguide,0,64,0.01,5,0.8,0.8,0.0,1.0,0.6833943057101957,0.7571607182760597,1511,64
lossguide,0,64,0.01,5,0.8,1.0,0.1,2.0,0.6828376013997137,0.7571543803496652,1586,64
lossguide,0,64,0.01,5,0.8,1.0,0.0,2.0,0.6819627803403849,0.7571522803580855,1555,64
depthwise,6,0,0.005,1,1.0,0.8,0.0,2.0,0.6829966597741371,0.7571433617191472,4324,6
lossguide,0,64,0.005,5,0.8,1.0,0.0,2.0,0.68220136790202,0.7571391743865392,2906,64
lossguide,0,32,0.005,1,0.8,1.0,0.1,1.0,0.6830761889613488,0.7571387316172303,2965,32
depthwise,6,0,0.005,5,1.0,0.8,0.1,2.0,0.6809289009066327,0.7571372641532349,4232,6
lossguide,0,64,0.005,5,0.8,1.0,0.1,1.0,0.6812470176554796,0.7571359105442045,2965,64
lossguide,0,32,0.005,1,1.0,1.0,0.1,2.0,0.6833943057101957,0.7571350123550349,3348,32
depthwise,6,0,0.0025,5,1.0,1.0,0.0,1.0,0.6825990138380785,0.7571325960996629,9139,6
lossguide,0,64,0.0025,5,1.0,0.8,0.1,2.0,0.6825990138380785,0.7571298635804987,5995,64
lossguide,0,32,0.01,5,1.0,1.0,0.1,1.0,0.6825990138380785,0.7571295473167067,1730,32
depthwise,8,0,0.005,10,0.8,0.8,0.0,2.0,0.6825194846508669,0.7571284340681583,3334,8
depthwise,8,0,0.005,1,0.8,0.8,0.1,1.0,0.6818832511531732,0.7571202112095627,2906,8
depthwise,8,0,0.005,5,0.8,0.8,0.0,2.0,0.6828376013997137,0.7571165045979189,2990,8
depthwise,6,0,0.005,5,1.0,1.0,0.1,1.0,0.6819627803403849,0.7571145817140628,4279,6
depthwise,6,0,0.0025,10,1.0,0.8,0.1,2.0,0.6821218387148084,0.7571090913746312,7955,6
lossguide,0,128,0.01,1,0.8,0.8,0.1,1.0,0.6837919516462542,0.7570999703268659,1733,128
lossguide,0,64,0.005,10,1.0,0.8,0.1,1.0,0.6825990138380785,0.7570993757509368,2814,64
depthwise,6,0,0.0025,1,1.0,0.8,0.0,1.0,0.6816446635915381,0.7570980853946647,8119,6
lossguide,0,64,0.0025,1,1.0,0.8,0.0,2.0,0.6837124224590425,0.7570966432317727,5943,64
lossguide,0,64,0.005,10,0.8,1.0,0.1,1.0,0.6821218387148084,0.7570895336217254,2906,64
lossguide,0,64,0.005,1,0.8,1.0,0.1,1.0,0.6815651344043264,0.7570890529007613,3193,64
depthwise,6,0,0.0025,10,1.0,1.0,0.0,1.0,0.6843486559567361,0.7570877498939379,9535,6
lossguide,0,64,0.005,1,1.0,0.8,0.1,2.0,0.6848258310800064,0.7570870920652502,3068,64
depthwise,8,0,0.01,10,0.8,0.8,0.1,1.0,0.6844281851439479,0.7570843848471893,1634,8
lossguide,0,64,0.0025,5,1.0,0.8,0.0,2.0,0.6837124224590425,0.7570794258309287,5674,64
lossguide,0,64,0.0025,10,1.0,0.8,0.1,1.0,0.6851439478288532,0.7570749095839769,5476,64
lossguide,0,32,0.005,5,0.8,1.0,0.0,1.0,0.6833943057101957,0.7570633090280814,2965,32
lossguide,0,64,0.01,10,1.0,0.8,0.1,1.0,0.6832352473357722,0.7570609939771229,1368,64
lossguide,0,64,0.01,1,1.0,0.8,0.0,2.0,0.6845872435183712,0.7570550482178308,1806,64
lossguide,0,128,0.005,5,0.8,0.8,0.0,2.0,0.6853825353904883,0.7570530114790093,3256,128
depthwise,6,0,0.005,5,1.0,0.8,0.1,1.0,0.6828376013997137,0.7570497476366745,4017,6
depthwise,6,0,0.0025,1,1.0,0.8,0.1,2.0,0.6816446635915381,0.7570479765594387,8120,6
depthwise,8,0,0.01,5,0.8,0.8,0.1,2.0,0.6842691267695244,0.7570471036713723,1730,8
depthwise,8,0,0.01,5,0.8,0.8,0.1,1.0,0.684905360267218,0.7570440169367612,1715,8
depthwise,6,0,0.005,10,1.0,0.8,0.1,2.0,0.6814856052171147,0.7570414615253205,4565,6
depthwise,6,0,0.005,1,1.0,0.8,0.1,2.0,0.6835533640846191,0.7570359964869924,4343,6
lossguide,0,32,0.005,1,1.0,1.0,0.0,2.0,0.6830761889613488,0.7570300001254935,3353,32
depthwise,8,0,0.01,1,0.8,0.8,0.1,1.0,0.6830761889613488,0.7570234344891686,1594,8
depthwise,6,0,0.01,10,1.0,1.0,0.0,1.0,0.6829966597741371,0.7570126309180293,2088,6
lossguide,0,32,0.005,10,1.0,1.0,0.1,2.0,0.6823604262764434,0.7570074568423899,2915,32
depthwise,8,0,0.0025,5,0.8,0.8,0.1,2.0,0.6822808970892318,0.7569988165155888,6166,8
depthwise,6,0,0.0025,5,1.0,1.0,0.1,1.0,0.6820423095275966,0.7569890629402393,8510,6
lossguide,0,64,0.01,10,0.8,1.0,0.0,2.0,0.6821218387148084,0.756973224449529,1215,64
lossguide,0,64,0.01,10,1.0,0.8,0.0,1.0,0.6829966597741371,0.75697270577691,1480,64
depthwise,8,0,0.0025,1,0.8,0.8,0.1,2.0,0.6833147765229839,0.7569723515614626,6138,8
depthwise,8,0,0.005,10,0.8,0.8,0.1,1.0,0.681406076029903,0.7569655708657592,2991,8
lossguide,0,64,0.0025,5,1.0,0.8,0.1,1.0,0.6833943057101957,0.7569639515951434,5613,64
depthwise,8,0,0.005,10,0.8,0.8,0.0,1.0,0.6818037219659615,0.7569636606324547,2993,8
depthwise,6,0,0.01,5,1.0,1.0,0.1,2.0,0.6825194846508669,0.7569615859419783,2234,6
depthwise,8,0,0.005,5,0.8,0.8,0.1,1.0,0.6814856052171147,0.7569600425746726,2906,8
depthwise,6,0,0.0025,5,1.0,0.8,0.1,1.0,0.6822808970892318,0.7569596504075705,7823,6
depthwise,6,0,0.0025,10,1.0,0.8,0.0,1.0,0.681406076029903,0.7569574871632321,8471,6
lossguide,0,32,0.005,5,1.0,1.0,0.1,2.0,0.6821218387148084,0.7569568925873029,3539,32
lossguide,0,64,0.005,10,0.8,1.0,0.0,1.0,0.681406076029903,0.7569559690970299,2905,64
depthwise,6,0,0.01,5,1.0,1.0,0.0,2.0,0.6833943057101957,0.7569533757339345,2228,6
lossguide,0,32,0.0025,1,1.0,1.0,0.0,1.0,0.68220136790202,0.7569528191096603,6849,32
depthwise,8,0,0.01,5,0.8,1.0,0.1,2.0,0.6810084300938445,0.7569483408143636,1726,8
lossguide,0,64,0.005,5,1.0,0.8,0.0,2.0,0.6829171305869254,0.7569480372011231,2968,64
lossguide,0,64,0.005,5,0.8,1.0,0.1,2.0,0.6823604262764434,0.7569474173240905,2692,64
lossguide,0,64,0.01,10,1.0,0.8,0.0,2.0,0.6844281851439479,0.7569315408817252,1415,64
depthwise,8,0,0.005,1,0.8,0.8,0.0,1.0,0.6818832511531732,0.7569266577687747,2906,8
depthwise,8,0,0.01,10,0.8,1.0,0.0,2.0,0.6818832511531732,0.7569180680441802,1906,8
lossguide,0,64,0.01,5,1.0,1.0,0.1,2.0,0.6811674884682678,0.7569177264792847,1621,64
depthwise,6,0,0.01,1,1.0,0.8,0.0,1.0,0.6822808970892318,0.7569161325097724,2143,6
lossguide,0,64,0.01,10,1.0,1.0,0.0,1.0,0.6842691267695244,0.7569152975733611,1349,64
lossguide,0,32,0.01,1,1.0,1.0,0.0,2.0,0.6826785430252903,0.7569126409575071,1515,32
lossguide,0,64,0.01,5,0.8,1.0,0.0,1.0,0.681406076029903,0.7569118819244061,1555,64
lossguide,0,64,0.0025,1,1.0,0.8,0.1,1.0,0.6830761889613488,0.7569113379506835,5632,64
lossguide,0,32,0.0025,1,1.0,1.0,0.1,2.0,0.6837124224590425,0.7569109078319263,6454,32
lossguide,0,32,0.0025,5,1.0,1.0,0.1,2.0,0.6829966597741371,0.7569046964110486,6448,32
lossguide,0,64,0.005,5,1.0,0.8,0.1,1.0,0.6842691267695244,0.7569006229334059,3005,64
depthwise,8,0,0.0025,10,0.8,0.8,0.1,2.0,0.6819627803403849,0.7568937663343923,6156,8
lossguide,0,64,0.005,1,0.8,1.0,0.1,2.0,0.6829171305869254,0.7568908946591597,2695,64
lossguide,0,64,0.01,1,0.8,1.0,0.1,1.0,0.6830761889613488,0.7568889085225452,1555,64
depthwise,6,0,0.005,5,1.0,0.8,0.0,2.0,0.6821218387148084,0.7568815712025674,4091,6
lossguide,0,32,0.0025,1,1.0,1.0,0.0,2.0,0.6826785430252903,0.7568811284332586,6411,32
lossguide,0,128,0.01,10,0.8,0.8,0.1,2.0,0.6824399554636552,0.7568754862872067,1512,128
depthwise,8,0,0.0025,5,0.8,0.8,0.1,1.0,0.6811674884682678,0.7568747525552089,6145,8
depthwise,8,0,0.0025,5,0.8,0.8,0.0,2.0,0.6811674884682678,0.7568709320886,6130,8
lossguide,0,64,0.01,5,1.0,0.8,0.0,1.0,0.6844281851439479,0.7568696543828799,1755,64
depthwise,6,0,0.0025,1,1.0,0.8,0.0,2.0,0.6825990138380785,0.7568671622241977,8108,6
lossguide,0,32,0.01,1,1.0,1.0,0.1,1.0,0.6832352473357722,0.7568646068127572,2121,32
lossguide,0,64,0.01,5,1.0,0.8,0.0,2.0,0.6832352473357722,0.7568644044039303,1581,64
depthwise,6,0,0.005,1,1.0,0.8,0.1,1.0,0.6829966597741371,0.7568641134412415,3728,6
lossguide,0,32,0.005,5,1.0,1.0,0.0,1.0,0.6822808970892318,0.756862721880556,3319,32
lossguide,0,64,0.0025,1,1.0,0.8,0.1,2.0,0.6833147765229839,0.7568361936736716,5368,64
depthwise,8,0,0.0025,10,0.8,1.0,0.0,1.0,0.6826785430252903,0.7568200389191692,6498,8
lossguide,0,32,0.0025,10,1.0,1.0,0.0,1.0,0.6825990138380785,0.7568150546018051,5876,32
lossguide,0,64,0.0025,5,1.0,1.0,0.1,2.0,0.6841895975823127,0.7568127522013983,5908,64
depthwise,6,0,0.0025,5,1.0,1.0,0.1,2.0,0.6825990138380785,0.7568097540206489,8000,6
depthwise,8,0,0.01,10,0.8,1.0,0.1,1.0,0.6811674884682678,0.7568081220994815,1599,8
depthwise,6,0,0.005,10,1.0,1.0,0.0,1.0,0.6845077143311595,0.7568074136685872,4267,6
lossguide,0,128,0.01,10,0.8,0.8,0.0,2.0,0.6813265468426912,0.7568059462045915,1499,128
depthwise,6,0,0.005,10,1.0,1.0,0.1,2.0,0.6828376013997137,0.7568049341604568,3746,6
lossguide,0,32,0.0025,5,1.0,1.0,0.0,2.0,0.6824399554636552,0.7567996841815073,6534,32
lossguide,0,64,0.005,1,0.8,1.0,0.0,1.0,0.6816446635915381,0.7567982040669602,2654,64
lossguide,0,32,0.0025,10,1.0,1.0,0.1,2.0,0.681406076029903,0.75679707816786,5716,32
lossguide,0,64,0.01,1,0.8,0.8,0.1,2.0,0.6836328932718307,0.7567934854111814,1233,64
depthwise,6,0,0.005,10,1.0,1.0,0.1,1.0,0.6829171305869254,0.7567929414374588,4291,6
lossguide,0,64,0.01,1,1.0,0.8,0.0,1.0,0.6816446635915381,0.7567897155467791,1877,64
lossguide,0,32,0.01,5,1.0,1.0,0.0,1.0,0.68220136790202,0.7567803288374284,1645,32
depthwise,8,0,0.01,5,0.8,1.0,0.1,1.0,0.68220136790202,0.756776685478543,1732,8
depthwise,8,0,0.005,1,0.8,0.8,0.1,2.0,0.6814856052171147,0.7567707270686992,2834,8
depthwise,8,0,0.0025,10,0.8,0.8,0.1,1.0,0.6824399554636552,0.7567657554018867,5848,8
lossguide,0,64,0.0025,5,1.0,0.8,0.0,1.0,0.6828376013997137,0.7567553566484012,5453,64
depthwise,6,0,0.01,10,1.0,1.0,0.1,1.0,0.6835533640846191,0.7567543572548181,2130,6
lossguide,0,32,0.0025,10,1.0,1.0,0.1,1.0,0.6822808970892318,0.7567425163384405,6063,32
depthwise,8,0,0.0025,1,0.8,0.8,0.0,1.0,0.6829171305869254,0.7567414410415473,6001,8
lossguide,0,128,0.01,1,0.8,0.8,0.1,2.0,0.6839510100206776,0.7567346603458438,1512,128
depthwise,8,0,0.005,10,0.8,0.8,0.1,2.0,0.6828376013997137,0.7567329651719179,2991,8
lossguide,0,128,0.01,5,0.8,0.8,0.1,1.0,0.6818832511531732,0.7567295874746179,1516,128
depthwise,8,0,0.0025,10,0.8,1.0,0.1,1.0,0.6822808970892318,0.7567268802565573,6333,8
depthwise,6,0,0.0025,10,1.0,0.8,0.1,1.0,0.6807698425322093,0.7567206561851278,7435,6
lossguide,0,32,0.01,10,1.0,1.0,0.1,1.0,0.6825194846508669,0.7567059435935177,1364,32
lossguide,0,64,0.01,10,1.0,1.0,0.1,1.0,0.6825194846508669,0.756703236375457,1494,64
lossguide,0,32,0.0025,5,1.0,1.0,0.1,1.0,0.6830761889613488,0.756700099038639,7344,32
depthwise,6,0,0.005,5,1.0,1.0,0.0,2.0,0.6824399554636552,0.7566930526813502,3993,6
lossguide,0,64,0.005,5,1.0,1.0,0.0,1.0,0.6847463018927946,0.7566820720024872,2579,64
depthwise,8,0,0.01,1,0.8,1.0,0.1,1.0,0.6834738348974073,0.7566776316588456,1750,8
depthwise,8,0,0.01,1,0.8,1.0,0.0,2.0,0.68220136790202,0.7566762780498153,1532,8
depthwise,6,0,0.01,1,1.0,1.0,0.1,1.0,0.682758072212502,0.7566621600341341,2244,6
lossguide,0,128,0.005,10,0.8,0.8,0.1,1.0,0.6822808970892318,0.7566557715055331,2734,128
depthwise,8,0,0.0025,1,0.8,1.0,0.0,2.0,0.6823604262764434,0.7566491173153465,6301,8
lossguide,0,128,0.01,10,0.8,0.8,0.0,1.0,0.6808493717194211,0.7566399077137194,1489,128
lossguide,0,64,0.005,1,1.0,0.8,0.1,1.0,0.682758072212502,0.7566356318272496,2870,64
depthwise,6,0,0.0025,1,1.0,0.8,0.1,1.0,0.6810879592810561,0.7566235125987351,6772,6
depthwise,8,0,0.0025,5,0.8,1.0,0.1,2.0,0.6819627803403849,0.756621058391708,6171,8
depthwise,8,0,0.0025,1,0.8,0.8,0.0,2.0,0.6823604262764434,0.7566195150244024,5618,8
lossguide,0,32,0.0025,1,1.0,1.0,0.1,1.0,0.6808493717194211,0.7566194517716439,5609,32
lossguide,0,128,0.005,5,0.8,0.8,0.1,2.0,0.6841895975823127,0.7566146951642102,2538,128
depthwise,6,0,0.005,10,1.0,1.0,0.0,2.0,0.6830761889613488,0.7566123168604934,3958,6
lossguide,0,32,0.01,1,1.0,1.0,0.0,1.0,0.682758072212502,0.7565958837938539,1444,32
lossguide,0,128,0.005,1,0.8,0.8,0.0,1.0,0.6821218387148084,0.7565930121186213,2833,128
lossguide,0,64,0.005,10,1.0,0.8,0.0,1.0,0.6828376013997137,0.756588078403464,2217,64
lossguide,0,64,0.0025,10,0.8,1.0,0.1,2.0,0.682758072212502,0.7565795266305245,4369,64
depthwise,8,0,0.005,10,0.8,1.0,0.0,2.0,0.6825194846508669,0.7565596779149301,2874,8
depthwise,6,0,0.0025,10,1.0,1.0,0.1,1.0,0.6837919516462542,0.7565519990300569,8072,6
lossguide,0,64,0.0025,1,1.0,1.0,0.1,2.0,0.6832352473357722,0.7565474954336568,5675,64
lossguide,0,64,0.01,1,1.0,1.0,0.1,2.0,0.6843486559567361,0.7565463315829017,1486,64
lossguide,0,32,0.005,1,1.0,1.0,0.0,1.0,0.6807698425322093,0.7565427135251197,3627,32
lossguide,0,64,0.0025,1,1.0,0.8,0.0,1.0,0.6833943057101957,0.7565315936901882,5610,64
depthwise,6,0,0.0025,10,1.0,1.0,0.0,2.0,0.6837124224590425,0.7565307081515702,7881,6
depthwise,8,0,0.01,5,0.8,1.0,0.0,2.0,0.6817241927787498,0.7565221943302859,1405,8
depthwise,6,0,0.01,1,1.0,1.0,0.0,1.0,0.6814856052171147,0.7565211569850477,1748,6
lossguide,0,32,0.005,1,1.0,1.0,0.1,1.0,0.6821218387148084,0.7565164130281656,3035,32
lossguide,0,64,0.005,1,1.0,0.8,0.0,1.0,0.6826785430252903,0.7565144142409993,2611,64
lossguide,0,128,0.0025,1,0.8,1.0,0.0,2.0,0.6837124224590425,0.7565080130618463,4904,128
lossguide,0,64,0.0025,5,1.0,1.0,0.0,2.0,0.6818832511531732,0.7564972980445689,5710,64
lossguide,0,64,0.01,10,1.0,1.0,0.1,2.0,0.6819627803403849,0.7564944896220946,1490,64
lossguide,0,64,0.005,5,1.0,1.0,0.1,2.0,0.6825990138380785,0.7564859504997069,2832,64
depthwise,8,0,0.0025,1,0.8,0.8,0.1,1.0,0.6818037219659615,0.756483534244335,5628,8
depthwise,6,0,0.005,1,1.0,1.0,0.1,1.0,0.6822808970892318,0.7564824336463383,4218,6
depthwise,8,0,0.0025,10,0.8,1.0,0.1,2.0,0.6810084300938445,0.7564823703935799,5838,8
lossguide,0,128,0.005,10,0.8,0.8,0.1,2.0,0.6818037219659615,0.756479549320554,2559,128
depthwise,8,0,0.0025,10,0.8,1.0,0.0,2.0,0.6821218387148084,0.7564773481245608,5848,8
depthwise,6,0,0.0025,5,1.0,0.8,0.1,2.0,0.6812470176554796,0.7564744384976732,6972,6
depthwise,8,0,0.0025,5,0.8,1.0,0.0,1.0,0.6824399554636552,0.7564715668224404,6303,8
depthwise,6,0,0.005,10,1.0,0.8,0.0,1.0,0.6823604262764434,0.756467240333764,3546,6
lossguide,0,64,0.0025,10,1.0,1.0,0.1,1.0,0.6824399554636552,0.7564671897315574,5392,64
depthwise,8,0,0.005,10,0.8,1.0,0.0,1.0,0.6818832511531732,0.7564658108214236,2699,8
depthwise,6,0,0.0025,10,1.0,1.0,0.1,2.0,0.6817241927787498,0.756457992780482,7735,6
depthwise,6,0,0.01,10,1.0,1.0,0.0,2.0,0.6830761889613488,0.7564520723222932,1985,6
lossguide,0,128,0.0025,1,0.8,1.0,0.1,1.0,0.6829966597741371,0.756448618721683,5472,128
depthwise,8,0,0.01,10,0.8,1.0,0.1,2.0,0.6818832511531732,0.7564472777632043,1750,8
depthwise,6,0,0.005,1,1.0,1.0,0.0,2.0,0.6831557181485606,0.7564430777800447,3630,6
depthwise,6,0,0.0025,10,1.0,0.8,0.0,2.0,0.6806903133449976,0.756428428441193,6893,6
depthwise,8,0,0.01,10,0.8,1.0,0.0,1.0,0.6815651344043264,0.7564283145862278,1597,8
lossguide,0,64,0.005,1,1.0,1.0,0.1,2.0,0.6828376013997137,0.756428263984021,2635,64
lossguide,0,128,0.0025,1,0.8,0.8,0.1,2.0,0.6807698425322093,0.7564043544413355,4888,128
depthwise,6,0,0.0025,5,1.0,1.0,0.0,2.0,0.6815651344043264,0.7563970044708062,7192,6
depthwise,6,0,0.01,1,1.0,1.0,0.0,2.0,0.6823604262764434,0.7563938418328848,1991,6
depthwise,6,0,0.0025,1,1.0,1.0,0.0,1.0,0.6833147765229839,0.7563929689448186,8550,6
lossguide,0,128,0.0025,5,0.8,0.8,0.1,1.0,0.6802926674089391,0.7563900466673791,4995,128
lossguide,0,128,0.01,1,0.8,0.8,0.0,2.0,0.6835533640846191,0.756382127422024,1163,128
lossguide,0,64,0.0025,10,1.0,1.0,0.0,2.0,0.68220136790202,0.7563765991309375,4851,64
lossguide,0,64,0.01,5,1.0,1.0,0.1,1.0,0.6834738348974073,0.7563707545760587,1324,64
depthwise,6,0,0.01,10,1.0,1.0,0.1,2.0,0.6833147765229839,0.7563617220821552,2098,6
lossguide,0,64,0.005,10,1.0,1.0,0.1,1.0,0.6823604262764434,0.7563582178793384,2097,64
depthwise,6,0,0.0025,1,1.0,1.0,0.1,1.0,0.6823604262764434,0.7563573323407206,7845,6
lossguide,0,128,0.01,10,0.8,0.8,0.1,1.0,0.6824399554636552,0.7563562696943789,1030,128
lossguide,0,64,0.01,5,1.0,1.0,0.0,1.0,0.6825194846508669,0.7563514877858417,1370,64
lossguide,0,64,0.005,1,1.0,1.0,0.0,2.0,0.6829966597741371,0.7563494889986755,2588,64
lossguide,0,64,0.005,10,0.8,1.0,0.0,2.0,0.6829966597741371,0.7563437709493135,2129,64
lossguide,0,128,0.0025,1,0.8,0.8,0.1,1.0,0.6813265468426912,0.7563425691469035,4881,128
lossguide,0,128,0.005,10,0.8,0.8,0.0,2.0,0.684666772705583,0.756327388484881,2156,128
depthwise,8,0,0.0025,5,0.8,1.0,0.0,2.0,0.6799745506600923,0.7563189252658032,5847,8
depthwise,8,0,0.005,10,0.8,1.0,0.1,1.0,0.6832352473357722,0.7563157246762269,2666,8
lossguide,0,64,0.01,1,1.0,1.0,0.0,2.0,0.6811674884682678,0.7563109048160347,1199,64
lossguide,0,64,0.0025,5,1.0,1.0,0.0,1.0,0.6825990138380785,0.7563075903714931,5399,64
lossguide,0,64,0.0025,10,1.0,1.0,0.1,2.0,0.6824399554636552,0.7563004301592391,5096,64
lossguide,0,64,0.01,5,1.0,1.0,0.0,2.0,0.6819627803403849,0.7562982036621424,1503,64
lossguide,0,64,0.01,1,1.0,0.8,0.1,1.0,0.6830761889613488,0.7562980012533154,1213,64
lossguide,0,64,0.0025,10,1.0,1.0,0.0,1.0,0.6822808970892318,0.756287842860312,4686,64
lossguide,0,128,0.01,5,0.8,0.8,0.1,2.0,0.6829171305869254,0.756281365777849,1066,128
lossguide,0,128,0.0025,5,0.8,1.0,0.0,2.0,0.6829171305869254,0.7562776718167568,4904,128
lossguide,0,128,0.01,5,0.8,0.8,0.0,2.0,0.6828376013997137,0.7562754326691086,1061,128
lossguide,0,128,0.0025,1,0.8,1.0,0.1,2.0,0.6815651344043264,0.7562644266891421,4736,128
lossguide,0,64,0.005,5,0.8,1.0,0.0,1.0,0.6811674884682678,0.75625517913586,2125,64
lossguide,0,128,0.0025,1,0.8,1.0,0.0,1.0,0.6828376013997137,0.7562540279356567,4852,128
lossguide,0,64,0.0025,1,1.0,1.0,0.0,2.0,0.6825194846508669,0.7562511436098722,5412,64
depthwise,6,0,0.0025,1,1.0,1.0,0.1,2.0,0.6828376013997137,0.7562484237412599,8017,6
lossguide,0,128,0.0025,5,0.8,0.8,0.1,2.0,0.6798154922856688,0.7562453749583038,4675,128
lossguide,0,128,0.005,1,0.8,1.0,0.1,1.0,0.6816446635915381,0.756239252091288,2715,128
depthwise,8,0,0.005,10,0.8,1.0,0.1,2.0,0.6815651344043264,0.7562296882742139,2713,8
depthwise,8,0,0.005,1,0.8,1.0,0.1,1.0,0.6806107841577859,0.756223489503888,2647,8
lossguide,0,64,0.005,1,0.8,1.0,0.0,2.0,0.6816446635915381,0.7562214527650665,2258,64
depthwise,8,0,0.005,5,0.8,1.0,0.0,2.0,0.6817241927787498,0.7562188341008675,2667,8
lossguide,0,128,0.01,5,0.8,1.0,0.1,1.0,0.6802926674089391,0.7562182268743867,1370,128
depthwise,8,0,0.01,1,0.8,1.0,0.0,1.0,0.6817241927787498,0.7562147606232248,1412,8
depthwise,6,0,0.01,1,1.0,1.0,0.1,2.0,0.6818832511531732,0.7562038431971203,1766,6
depthwise,8,0,0.0025,1,0.8,1.0,0.1,2.0,0.6814856052171147,0.7561996558645123,5453,8
depthwise,6,0,0.005,1,1.0,1.0,0.1,2.0,0.6812470176554796,0.7561970118992102,3584,6
lossguide,0,64,0.005,5,1.0,1.0,0.0,2.0,0.6813265468426912,0.756187561937101,2475,64
depthwise,8,0,0.005,5,0.8,1.0,0.1,1.0,0.6818037219659615,0.7561797691972628,2657,8
lossguide,0,64,0.01,1,1.0,1.0,0.1,1.0,0.6824399554636552,0.7561703065846019,1251,64
depthwise,8,0,0.005,1,0.8,1.0,0.1,2.0,0.6809289009066327,0.7561656258804783,2662,8
lossguide,0,128,0.005,1,0.8,0.8,0.1,2.0,0.6818832511531732,0.7561577698878816,2255,128
lossguide,0,64,0.0025,5,1.0,1.0,0.1,1.0,0.6813265468426912,0.7561563530260929,4952,64
lossguide,0,128,0.0025,5,0.8,1.0,0.1,1.0,0.6823604262764434,0.7561420958543433,4667,128
lossguide,0,128,0.005,1,0.8,1.0,0.1,2.0,0.6812470176554796,0.756141222966277,2731,128
lossguide,0,128,0.005,1,0.8,0.8,0.1,1.0,0.6822808970892318,0.7561405271859345,2254,128
lossguide,0,64,0.005,10,1.0,1.0,0.0,1.0,0.6831557181485606,0.7561400717660737,2443,64
lossguide,0,128,0.005,5,0.8,0.8,0.1,1.0,0.6833943057101957,0.7561275730210084,2270,128
depthwise,8,0,0.005,5,0.8,1.0,0.1,2.0,0.6829966597741371,0.756122158584887,2905,8
lossguide,0,64,0.005,1,1.0,1.0,0.0,1.0,0.6825194846508669,0.7561132652470521,2633,64
depthwise,6,0,0.0025,1,1.0,1.0,0.0,2.0,0.6816446635915381,0.7560666859157461,7203,6
lossguide,0,64,0.01,1,1.0,1.0,0.0,1.0,0.6813265468426912,0.7560637762888585,1375,64
lossguide,0,128,0.01,10,0.8,1.0,0.0,1.0,0.6818037219659615,0.7560609931674875,1331,128
depthwise,8,0,0.005,1,0.8,1.0,0.0,2.0,0.6814856052171147,0.756052491996755,2542,8
lossguide,0,128,0.005,1,0.8,0.8,0.0,2.0,0.6824399554636552,0.7560460402153953,2253,128
depthwise,6,0,0.005,1,1.0,1.0,0.0,1.0,0.6825990138380785,0.7560434848039549,3815,6
depthwise,8,0,0.005,1,0.8,1.0,0.0,1.0,0.6802131382217274,0.7560384245832807,2477,8
lossguide,0,128,0.005,5,0.8,1.0,0.1,2.0,0.6825194846508669,0.7560377794051447,2656,128
lossguide,0,128,0.0025,5,0.8,0.8,0.0,1.0,0.6811674884682678,0.7560253945150446,4358,128
lossguide,0,128,0.01,5,0.8,0.8,0.0,1.0,0.6816446635915381,0.7560239144004974,1085,128
depthwise,8,0,0.005,5,0.8,1.0,0.0,1.0,0.6828376013997137,0.7560160710584525,2672,8
lossguide,0,128,0.0025,10,0.8,1.0,0.1,1.0,0.6829171305869254,0.7560062415797928,4116,128
lossguide,0,128,0.005,10,1.0,0.8,0.0,2.0,0.6820423095275966,0.7559993849807792,2655,128
lossguide,0,64,0.005,5,1.0,1.0,0.1,1.0,0.6826785430252903,0.7559912253749421,2204,64
depthwise,8,0,0.0025,1,0.8,1.0,0.0,1.0,0.6818037219659615,0.7559842422704117,4943,8
lossguide,0,128,0.0025,10,0.8,0.8,0.1,1.0,0.6814856052171147,0.7559647351197127,4258,128
lossguide,0,128,0.0025,10,1.0,0.8,0.1,1.0,0.6829966597741371,0.7559528689022317,5144,128
lossguide,0,128,0.005,5,0.8,1.0,0.0,2.0,0.6811674884682678,0.7559444689359125,2475,128
lossguide,0,64,0.005,1,1.0,1.0,0.1,1.0,0.6821218387148084,0.7559437605050181,2284,64
lossguide,0,128,0.0025,10,0.8,0.8,0.0,2.0,0.6808493717194211,0.7559388267898608,4261,128
lossguide,0,128,0.0025,5,0.8,1.0,0.0,1.0,0.6813265468426912,0.755923975042182,4251,128
lossguide,0,128,0.005,10,0.8,1.0,0.1,1.0,0.6819627803403849,0.7559193828919202,2537,128
lossguide,0,128,0.0025,10,0.8,0.8,0.0,1.0,0.6814856052171147,0.7559190792786799,4260,128
lossguide,0,128,0.01,5,0.8,1.0,0.0,2.0,0.6810084300938445,0.7559180419334415,1366,128
lossguide,0,64,0.005,10,1.0,1.0,0.1,2.0,0.6822808970892318,0.7559154106186908,2097,64
lossguide,0,128,0.005,10,0.8,0.8,0.0,1.0,0.6824399554636552,0.7559112485871863,2124,128
lossguide,0,128,0.01,1,0.8,0.8,0.0,1.0,0.6832352473357722,0.7559012673019065,1082,128
lossguide,0,128,0.005,1,0.8,1.0,0.0,2.0,0.6814856052171147,0.7558942335951695,2209,128
lossguide,0,128,0.0025,10,0.8,1.0,0.0,2.0,0.682758072212502,0.7558892239767019,4113,128
lossguide,0,128,0.0025,10,0.8,0.8,0.1,2.0,0.6814856052171147,0.7558828733997558,4258,128
lossguide,0,64,0.01,10,1.0,1.0,0.0,2.0,0.6803721965961508,0.7558416958540195,1258,64
lossguide,0,128,0.0025,5,0.8,1.0,0.1,2.0,0.6816446635915381,0.7558404054977476,3997,128
lossguide,0,128,0.0025,10,0.8,1.0,0.1,2.0,0.68220136790202,0.7558377994841003,4088,128
lossguide,0,128,0.005,1,1.0,0.8,0.1,2.0,0.6823604262764434,0.7558254651962071,2617,128
depthwise,8,0,0.0025,5,0.8,1.0,0.1,1.0,0.6802926674089391,0.7558176218541619,5229,8
depthwise,8,0,0.005,10,1.0,0.8,0.0,2.0,0.6818832511531732,0.7557993797586315,3085,8
lossguide,0,64,0.0025,1,1.0,1.0,0.1,1.0,0.6819627803403849,0.7557804798344134,4309,64
lossguide,0,128,0.005,5,0.8,0.8,0.0,1.0,0.6823604262764434,0.755777924422973,2238,128
lossguide,0,64,0.005,10,1.0,1.0,0.0,2.0,0.6810879592810561,0.755739909515158,2053,64
lossguide,0,128,0.005,10,0.8,1.0,0.1,2.0,0.681406076029903,0.755724741503687,2538,128
lossguide,0,128,0.01,1,1.0,0.8,0.0,2.0,0.6812470176554796,0.7557165565967465,1327,128
lossguide,0,128,0.005,10,0.8,1.0,0.0,1.0,0.6820423095275966,0.7557116861343476,2213,128
lossguide,0,128,0.0025,1,1.0,0.8,0.0,2.0,0.6833147765229839,0.7557054494123667,4939,128
depthwise,8,0,0.01,5,0.8,1.0,0.0,1.0,0.6806107841577859,0.7556925838013026,1228,8
lossguide,0,64,0.0025,1,1.0,1.0,0.0,1.0,0.6820423095275966,0.7556896868249666,4391,64
lossguide,0,128,0.01,5,1.0,0.8,0.1,2.0,0.6830761889613488,0.7556332527138976,1154,128
lossguide,0,128,0.01,5,1.0,0.8,0.0,1.0,0.6837124224590425,0.7556309123618357,1477,128
lossguide,0,128,0.005,5,1.0,0.8,0.0,2.0,0.6824399554636552,0.755623056369239,2711,128
lossguide,0,128,0.01,10,1.0,0.8,0.0,2.0,0.6816446635915381,0.7556125311102367,1223,128
depthwise,8,0,0.01,10,1.0,0.8,0.1,1.0,0.6806107841577859,0.7556022588622682,1524,8
lossguide,0,128,0.0025,5,1.0,0.8,0.1,1.0,0.6830761889613488,0.7555977426153164,4957,128
lossguide,0,128,0.0025,10,0.8,1.0,0.0,1.0,0.6819627803403849,0.7555684439376128,3719,128
lossguide,0,128,0.005,5,1.0,0.8,0.1,1.0,0.6836328932718307,0.7555520235215248,2645,128
lossguide,0,128,0.01,5,1.0,0.8,0.0,2.0,0.6823604262764434,0.755550897622425,1467,128
lossguide,0,128,0.01,10,0.8,1.0,0.1,2.0,0.6813265468426912,0.7555501891915306,1093,128
lossguide,0,128,0.005,10,0.8,1.0,0.0,2.0,0.6801336090345157,0.7555429277748631,2213,128
lossguide,0,128,0.0025,10,1.0,0.8,0.0,2.0,0.68220136790202,0.7555415868163845,4354,128
lossguide,0,128,0.005,10,1.0,0.8,0.0,1.0,0.6816446635915381,0.7555378802047406,2243,128
depthwise,8,0,0.005,10,1.0,0.8,0.1,2.0,0.6812470176554796,0.7555309477024169,2935,8
lossguide,0,128,0.005,1,1.0,0.8,0.1,1.0,0.6828376013997137,0.7555120857298538,2415,128
lossguide,0,128,0.0025,5,1.0,0.8,0.0,1.0,0.6808493717194211,0.7555067092453875,4616,128
depthwise,8,0,0.005,10,1.0,0.8,0.0,1.0,0.6808493717194211,0.755503192392019,2616,8
lossguide,0,128,0.005,5,0.8,1.0,0.1,1.0,0.6810879592810561,0.7555024460094695,2125,128
lossguide,0,128,0.01,5,0.8,1.0,0.0,1.0,0.6810879592810561,0.7554934767683245,970,128
lossguide,0,128,0.01,1,0.8,1.0,0.0,1.0,0.6794178463496103,0.7554903773831615,1405,128
lossguide,0,128,0.01,1,1.0,0.8,0.1,2.0,0.6825194846508669,0.7554728310679737,1248,128
lossguide,0,128,0.005,1,1.0,0.8,0.0,2.0,0.6816446635915381,0.7554655190490995,2420,128
lossguide,0,128,0.0025,5,1.0,0.8,0.1,2.0,0.68220136790202,0.7554616479802838,4486,128
lossguide,0,128,0.005,10,1.0,0.8,0.1,2.0,0.682758072212502,0.7554581184763635,2318,128
lossguide,0,128,0.005,5,1.0,0.8,0.1,2.0,0.6818037219659615,0.7554345378480217,2544,128
depthwise,8,0,0.01,10,1.0,0.8,0.0,2.0,0.6806107841577859,0.7554261252311508,1415,8
lossguide,0,128,0.01,5,1.0,0.8,0.1,1.0,0.6823604262764434,0.7554249866814992,1198,128
lossguide,0,128,0.0025,1,1.0,0.8,0.1,2.0,0.6825194846508669,0.7554229499426778,4499,128
depthwise,8,0,0.0025,10,1.0,0.8,0.1,1.0,0.6803721965961508,0.7554177885175901,5280,8
lossguide,0,128,0.0025,10,1.0,0.8,0.0,1.0,0.68220136790202,0.7554158403326305,4448,128
lossguide,0,128,0.01,1,0.8,1.0,0.1,2.0,0.6807698425322093,0.7554134367278104,1149,128
lossguide,0,128,0.01,10,1.0,0.8,0.1,2.0,0.6814856052171147,0.7554060994078328,1320,128
lossguide,0,128,0.005,5,1.0,0.8,0.0,1.0,0.6825990138380785,0.7553968392039989,2495,128
lossguide,0,128,0.005,1,0.8,1.0,0.0,1.0,0.6809289009066327,0.7553688055814639,2125,128
lossguide,0,128,0.005,1,1.0,0.8,0.0,1.0,0.6835533640846191,0.7553660351106448,2689,128
lossguide,0,128,0.005,5,0.8,1.0,0.0,1.0,0.6817241927787498,0.7553564712935706,2125,128
depthwise,8,0,0.0025,1,0.8,1.0,0.1,1.0,0.6809289009066327,0.7553402406357579,4353,8
lossguide,0,128,0.005,10,1.0,0.8,0.1,1.0,0.6818832511531732,0.7553378117298344,2197,128
lossguide,0,128,0.01,5,0.8,1.0,0.1,2.0,0.6807698425322093,0.7552578096409754,1366,128
depthwise,8,0,0.005,5,1.0,0.8,0.1,2.0,0.6825194846508669,0.7552563801286348,2652,8
depthwise,8,0,0.005,5,1.0,0.8,0.0,2.0,0.6819627803403849,0.7552435904208809,2876,8
depthwise,8,0,0.01,5,1.0,0.8,0.1,1.0,0.6814856052171147,0.755227132053138,1283,8
lossguide,0,128,0.0025,1,1.0,0.8,0.1,1.0,0.68220136790202,0.7552195164210233,4302,128
lossguide,0,128,0.0025,5,1.0,0.8,0.0,2.0,0.6825990138380785,0.7551996297537737,4329,128
lossguide,0,128,0.01,10,0.8,1.0,0.1,1.0,0.6808493717194211,0.7551598564192745,1040,128
depthwise,8,0,0.005,1,1.0,0.8,0.1,2.0,0.68220136790202,0.7551518739211609,2650,8
depthwise,8,0,0.01,10,1.0,0.8,0.0,1.0,0.6816446635915381,0.7551419811897429,1403,8
lossguide,0,128,0.01,10,1.0,1.0,0.1,2.0,0.6820423095275966,0.7551385275891327,1066,128
lossguide,0,128,0.01,1,0.8,1.0,0.0,2.0,0.6818832511531732,0.7551370980767923,1148,128
lossguide,0,128,0.0025,1,1.0,0.8,0.0,1.0,0.6823604262764434,0.7551024608662773,4472,128
lossguide,0,128,0.01,1,0.8,1.0,0.1,1.0,0.679497375536822,0.7551006771384896,812,128
depthwise,8,0,0.005,1,1.0,0.8,0.0,1.0,0.6817241927787498,0.7550925048821009,2600,8
lossguide,0,128,0.01,1,1.0,0.8,0.1,1.0,0.6797359630984572,0.7550571718912433,1215,128
depthwise,8,0,0.0025,5,1.0,0.8,0.0,2.0,0.6818037219659615,0.7550570074340713,5419,8
depthwise,8,0,0.005,10,1.0,0.8,0.1,1.0,0.6802926674089391,0.7550553122601456,2606,8
depthwise,8,0,0.0025,5,1.0,0.8,0.0,1.0,0.6812470176554796,0.755050580953815,4993,8
depthwise,8,0,0.0025,10,1.0,0.8,0.0,2.0,0.6811674884682678,0.7550017877759642,4738,8
depthwise,8,0,0.005,1,1.0,0.8,0.0,2.0,0.6813265468426912,0.7549872016898708,2936,8
depthwise,8,0,0.005,1,1.0,0.8,0.1,1.0,0.6822808970892318,0.7549701993484055,3147,8
depthwise,8,0,0.01,10,1.0,0.8,0.1,2.0,0.6802131382217274,0.7549610656500885,1240,8
lossguide,0,128,0.01,10,0.8,1.0,0.0,2.0,0.6808493717194211,0.754897370122352,1052,128
depthwise,8,0,0.01,5,1.0,0.8,0.0,2.0,0.6805312549705742,0.7548882490745867,1583,8
depthwise,8,0,0.0025,10,1.0,0.8,0.0,1.0,0.681406076029903,0.7548773949012406,4547,8
depthwise,8,0,0.0025,1,1.0,0.8,0.1,1.0,0.6821218387148084,0.7548705383022272,4819,8
lossguide,0,128,0.01,10,1.0,0.8,0.0,1.0,0.6809289009066327,0.7548496775424978,1077,128
lossguide,0,128,0.01,10,1.0,0.8,0.1,1.0,0.6812470176554796,0.7548374318084663,1224,128
lossguide,0,128,0.0025,10,1.0,1.0,0.1,2.0,0.6803721965961508,0.7548165963498401,4118,128
depthwise,8,0,0.0025,5,1.0,0.8,0.1,2.0,0.6814856052171147,0.7548055271171153,5338,8
lossguide,0,128,0.005,10,1.0,1.0,0.1,1.0,0.6816446635915381,0.7547903085034378,2159,128
lossguide,0,128,0.01,10,1.0,1.0,0.1,1.0,0.6805312549705742,0.7547777212045107,1202,128
lossguide,0,128,0.01,1,1.0,0.8,0.0,1.0,0.6824399554636552,0.7547761145844467,1207,128
depthwise,8,0,0.0025,10,1.0,0.8,0.1,2.0,0.6806107841577859,0.754758441763742,4753,8
lossguide,0,128,0.0025,10,1.0,1.0,0.1,1.0,0.6810879592810561,0.7547189593919315,3861,128
depthwise,8,0,0.0025,1,1.0,0.8,0.0,2.0,0.6821218387148084,0.7547169479542135,5212,8
depthwise,8,0,0.005,5,1.0,0.8,0.1,1.0,0.6822808970892318,0.754707320884381,2434,8
depthwise,8,0,0.0025,1,1.0,0.8,0.0,1.0,0.6820423095275966,0.7546891293910571,4919,8
depthwise,8,0,0.0025,5,1.0,0.8,0.1,1.0,0.6815651344043264,0.7546424235542342,4783,8
depthwise,8,0,0.005,5,1.0,0.8,0.0,1.0,0.6806107841577859,0.7546401970571375,2380,8
depthwise,8,0,0.0025,1,1.0,0.8,0.1,2.0,0.6818037219659615,0.7546328091349532,4569,8
lossguide,0,128,0.0025,10,1.0,0.8,0.1,2.0,0.6813265468426912,0.7546038520221452,3370,128
lossguide,0,128,0.005,10,1.0,1.0,0.1,2.0,0.6817241927787498,0.7545847117374449,2173,128
lossguide,0,128,0.005,10,1.0,1.0,0.0,1.0,0.6806903133449976,0.7545707202272807,2084,128
depthwise,8,0,0.005,5,1.0,1.0,0.0,1.0,0.6819627803403849,0.7545592967791087,2877,8
depthwise,8,0,0.01,5,1.0,0.8,0.1,2.0,0.6799745506600923,0.7545065313280286,1316,8
lossguide,0,128,0.01,10,1.0,1.0,0.0,2.0,0.681406076029903,0.754503457243969,1130,128
depthwise,8,0,0.01,1,1.0,0.8,0.1,2.0,0.6805312549705742,0.7544279461009582,1142,8
depthwise,8,0,0.01,1,1.0,0.8,0.0,1.0,0.6801336090345157,0.7544270099601336,1371,8
lossguide,0,128,0.005,5,1.0,1.0,0.1,2.0,0.6816446635915381,0.7544045931825468,2286,128
depthwise,8,0,0.01,10,1.0,1.0,0.0,1.0,0.6806107841577859,0.7543956365919535,1343,8
lossguide,0,128,0.005,10,1.0,1.0,0.0,2.0,0.6817241927787498,0.7543908293823129,1915,128
lossguide,0,128,0.0025,5,1.0,1.0,0.0,2.0,0.6806107841577859,0.7543601138428206,4245,128
depthwise,8,0,0.0025,10,1.0,1.0,0.1,1.0,0.6790997296007635,0.7543403536810879,4400,8
depthwise,8,0,0.01,1,1.0,0.8,0.0,2.0,0.6814856052171147,0.7543368874299261,1456,8
depthwise,8,0,0.01,10,1.0,1.0,0.0,2.0,0.6783839669158581,0.7543365964672374,1277,8
depthwise,8,0,0.01,5,1.0,0.8,0.0,1.0,0.6821218387148084,0.7543273109623001,1115,8
lossguide,0,128,0.005,5,1.0,1.0,0.0,1.0,0.6809289009066327,0.7543167351010911,2084,128
depthwise,8,0,0.01,10,1.0,1.0,0.1,2.0,0.6799745506600923,0.754301048417001,1392,8
lossguide,0,128,0.01,1,1.0,1.0,0.1,1.0,0.6819627803403849,0.7543003399861066,1195,128
depthwise,8,0,0.01,5,1.0,1.0,0.0,2.0,0.6816446635915381,0.7542719141964693,1204,8
lossguide,0,128,0.01,5,1.0,1.0,0.0,1.0,0.6806903133449976,0.7542347468756174,921,128
lossguide,0,128,0.005,1,1.0,1.0,0.0,2.0,0.6804517257833625,0.7542133927443722,2151,128
depthwise,8,0,0.01,1,1.0,0.8,0.1,1.0,0.6795769047240338,0.7541871175485215,1126,8
depthwise,8,0,0.005,10,1.0,1.0,0.1,2.0,0.6790997296007635,0.7541850808097,2273,8
lossguide,0,128,0.0025,1,1.0,1.0,0.0,2.0,0.6826785430252903,0.7541846253898394,4282,128
lossguide,0,128,0.0025,10,1.0,1.0,0.0,2.0,0.6800540798473039,0.7541784645711684,3493,128
lossguide,0,128,0.005,5,1.0,1.0,0.1,1.0,0.6808493717194211,0.7541690146090596,1953,128
lossguide,0,128,0.01,1,1.0,1.0,0.1,2.0,0.6824399554636552,0.7541544917757246,906,128
lossguide,0,128,0.01,10,1.0,1.0,0.0,1.0,0.6838714808334658,0.7541530116611773,1064,128
depthwise,8,0,0.005,5,1.0,1.0,0.1,2.0,0.6814856052171147,0.7541439285650671,2503,8
lossguide,0,128,0.01,1,1.0,1.0,0.0,1.0,0.6804517257833625,0.754133112343376,1018,128
lossguide,0,128,0.01,1,1.0,1.0,0.0,2.0,0.6805312549705742,0.7541036871601555,1021,128
depthwise,8,0,0.0025,1,1.0,1.0,0.1,2.0,0.6796564339112454,0.7541032949930534,4594,8
lossguide,0,128,0.0025,10,1.0,1.0,0.0,1.0,0.6805312549705742,0.7540995757308577,3216,128
depthwise,8,0,0.01,5,1.0,1.0,0.0,1.0,0.6812470176554796,0.7540447482398529,1274,8
depthwise,8,0,0.01,1,1.0,1.0,0.0,1.0,0.6803721965961508,0.75403842296401,1344,8
lossguide,0,128,0.0025,5,1.0,1.0,0.1,2.0,0.6836328932718307,0.7540288085447291,3362,128
depthwise,8,0,0.0025,10,1.0,1.0,0.1,2.0,0.6787816128519166,0.7540192573782066,4298,8
lossguide,0,128,0.005,1,1.0,1.0,0.1,1.0,0.6803721965961508,0.754002267687293,2218,128
lossguide,0,128,0.0025,1,1.0,1.0,0.1,2.0,0.68220136790202,0.7540000538407479,3599,128
lossguide,0,128,0.0025,5,1.0,1.0,0.0,1.0,0.6801336090345157,0.7539704135981489,3643,128
lossguide,0,128,0.005,5,1.0,1.0,0.0,2.0,0.6831557181485606,0.7539688322791882,1963,128
lossguide,0,128,0.01,5,1.0,1.0,0.1,2.0,0.6814856052171147,0.7539241631811866,906,128
depthwise,8,0,0.005,10,1.0,1.0,0.0,2.0,0.6798154922856688,0.7539060602417247,2010,8
lossguide,0,128,0.005,1,1.0,1.0,0.1,2.0,0.6797359630984572,0.753873712781065,2036,128
depthwise,8,0,0.01,10,1.0,1.0,0.1,1.0,0.6796564339112454,0.7538734091678244,1009,8
depthwise,8,0,0.0025,10,1.0,1.0,0.0,1.0,0.6784634961030698,0.7538607459655873,3961,8
depthwise,8,0,0.005,10,1.0,1.0,0.0,1.0,0.6794178463496103,0.753857216461667,2059,8
lossguide,0,128,0.005,1,1.0,1.0,0.0,1.0,0.6810084300938445,0.7538560273098085,1830,128
lossguide,0,128,0.0025,5,1.0,1.0,0.1,1.0,0.6818037219659615,0.7538556351427063,3548,128
lossguide,0,128,0.01,5,1.0,1.0,0.0,2.0,0.6805312549705742,0.7538279051334118,819,128
lossguide,0,128,0.01,5,1.0,1.0,0.1,1.0,0.681406076029903,0.7538121804976667,1042,128
depthwise,8,0,0.005,5,1.0,1.0,0.0,2.0,0.6805312549705742,0.7537979106753654,2231,8
depthwise,8,0,0.005,1,1.0,1.0,0.0,2.0,0.6816446635915381,0.7537348856268682,1966,8
depthwise,8,0,0.01,1,1.0,1.0,0.1,2.0,0.6803721965961508,0.7537007797395241,1032,8
depthwise,8,0,0.005,1,1.0,1.0,0.1,1.0,0.6808493717194211,0.7536791978983486,2888,8
depthwise,8,0,0.005,1,1.0,1.0,0.1,2.0,0.6807698425322093,0.753678059348697,1863,8
depthwise,8,0,0.0025,5,1.0,1.0,0.0,2.0,0.6803721965961508,0.7536387414340584,4575,8
depthwise,8,0,0.0025,5,1.0,1.0,0.1,1.0,0.6790997296007635,0.7536036994058897,3996,8
lossguide,0,128,0.0025,1,1.0,1.0,0.0,1.0,0.6817241927787498,0.7535666965422095,3408,128
depthwise,8,0,0.0025,5,1.0,1.0,0.1,2.0,0.6812470176554796,0.7535631037855307,4066,8
depthwise,8,0,0.0025,10,1.0,1.0,0.0,2.0,0.6794178463496103,0.753519775646008,3734,8
depthwise,8,0,0.01,1,1.0,1.0,0.1,1.0,0.6807698425322093,0.7535138931394743,1024,8
depthwise,8,0,0.005,10,1.0,1.0,0.1,1.0,0.6776682042309528,0.7535050124521911,1898,8
depthwise,8,0,0.0025,1,1.0,1.0,0.0,2.0,0.6808493717194211,0.7534746005259392,4037,8
depthwise,8,0,0.01,1,1.0,1.0,0.0,2.0,0.6791792587879751,0.7534695656063684,1093,8
depthwise,8,0,0.005,1,1.0,1.0,0.0,1.0,0.6806107841577859,0.7534544987993108,1912,8
depthwise,8,0,0.01,5,1.0,1.0,0.1,1.0,0.6795769047240338,0.7534443657074107,1051,8
depthwise,8,0,0.0025,1,1.0,1.0,0.0,1.0,0.6802926674089391,0.7534395205461152,4224,8
depthwise,8,0,0.005,5,1.0,1.0,0.1,1.0,0.6787816128519166,0.7533618588093179,2127,8
depthwise,8,0,0.0025,5,1.0,1.0,0.0,1.0,0.6779863209797996,0.7533549769092011,4483,8
depthwise,8,0,0.01,5,1.0,1.0,0.1,2.0,0.678702083664705,0.7532722423011778,1077,8
depthwise,8,0,0.0025,1,1.0,1.0,0.1,1.0,0.6817241927787498,0.7528087513885247,3469,8
lossguide,0,128,0.0025,1,1.0,1.0,0.1,1.0,0.6790997296007635,0.7517496978036213,1980,128
lossguide,0,128,0.0025,1,0.8,0.8,0.0,1.0,0.6722602195005567,0.7425660171569818,87,128
depthwise,8,0,0.0025,5,0.8,0.8,0.0,1.0,0.6719421027517098,0.7425619310287874,87,8
lossguide,0,128,0.0025,1,0.8,0.8,0.0,2.0,0.6721011611261333,0.742484598206334,87,128
lossguide,0,128,0.0025,5,0.8,0.8,0.0,2.0,0.6723397486877684,0.7424560206100764,87,128
depthwise,8,0,0.0025,10,0.8,0.8,0.0,2.0,0.6713058692540163,0.742204995712981,87,8
lossguide,0,32,0.0025,5,0.8,0.8,0.0,1.0,0.6643868299665977,0.7330817720528466,9,32
lossguide,0,32,0.0025,10,0.8,0.8,0.0,1.0,0.6643868299665977,0.7330817720528466,9,32
lossguide,0,32,0.0025,1,0.8,0.8,0.0,1.0,0.6643868299665977,0.7330817720528466,9,32
lossguide,0,32,0.0025,10,0.8,0.8,0.1,1.0,0.6645458883410211,0.7330525745795564,9,32
lossguide,0,32,0.0025,1,0.8,0.8,0.1,1.0,0.6645458883410211,0.7330525745795564,9,32
lossguide,0,32,0.0025,5,0.8,0.8,0.1,1.0,0.6645458883410211,0.7330525745795564,9,32
lossguide,0,32,0.0025,5,0.8,0.8,0.1,2.0,0.6654207094003499,0.7330401137861462,9,32
lossguide,0,32,0.0025,1,0.8,0.8,0.1,2.0,0.6654207094003499,0.7330401137861462,9,32
lossguide,0,32,0.0025,10,0.8,0.8,0.1,2.0,0.6654207094003499,0.7330401137861462,9,32
lossguide,0,32,0.0025,10,0.8,0.8,0.0,2.0,0.6641482424049626,0.7330308156306573,9,32
lossguide,0,32,0.0025,5,0.8,0.8,0.0,2.0,0.6641482424049626,0.7330308156306573,9,32
lossguide,0,32,0.0025,1,0.8,0.8,0.0,2.0,0.6641482424049626,0.7330308156306573,9,32
lossguide,0,32,0.0025,10,1.0,0.8,0.0,1.0,0.6631143629712104,0.7312502504809235,9,32
lossguide,0,32,0.0025,5,1.0,0.8,0.0,1.0,0.6631143629712104,0.7312502504809235,9,32
lossguide,0,32,0.0025,1,1.0,0.8,0.0,1.0,0.6631143629712104,0.7312502504809235,9,32
depthwise,4,0,0.005,1,0.8,0.8,0.1,2.0,0.6570701447431208,0.7253169266810459,9,4
depthwise,4,0,0.005,5,0.8,0.8,0.1,2.0,0.6570701447431208,0.7253169266810459,9,4
depthwise,4,0,0.005,10,0.8,0.8,0.1,2.0,0.6570701447431208,0.7253169266810459,9,4
depthwise,4,0,0.005,10,0.8,0.8,0.0,2.0,0.6572292031175442,0.7253101712864457,9,4
depthwise,4,0,0.005,5,0.8,0.8,0.0,2.0,0.6572292031175442,0.7253101712864457,9,4
depthwise,4,0,0.005,1,0.8,0.8,0.0,2.0,0.6572292031175442,0.7253101712864457,9,4
depthwise,4,0,0.005,10,0.8,0.8,0.1,1.0,0.6573882614919676,0.7253050225119098,9,4
depthwise,4,0,0.005,1,0.8,0.8,0.1,1.0,0.6573882614919676,0.7253050225119098,9,4
depthwise,4,0,0.005,5,0.8,0.8,0.1,1.0,0.6573882614919676,0.7253050225119098,9,4
depthwise,4,0,0.005,10,0.8,0.8,0.0,1.0,0.6573882614919676,0.7252976345897254,9,4
depthwise,4,0,0.005,5,0.8,0.8,0.0,1.0,0.6573882614919676,0.7252976345897254,9,4
depthwise,4,0,0.005,1,0.8,0.8,0.0,1.0,0.6573882614919676,0.7252976345897254,9,4
depthwise,4,0,0.0025,10,0.8,0.8,0.0,2.0,0.6577859074280261,0.7245170829001785,9,4
depthwise,4,0,0.0025,5,0.8,0.8,0.0,2.0,0.6577859074280261,0.7245170829001785,9,4
depthwise,4,0,0.0025,1,0.8,0.8,0.0,2.0,0.6577859074280261,0.7245170829001785,9,4
depthwise,4,0,0.0025,10,0.8,0.8,0.1,2.0,0.6577859074280261,0.7245163238670773,9,4
depthwise,4,0,0.0025,1,0.8,0.8,0.1,2.0,0.6577859074280261,0.7245163238670773,9,4
depthwise,4,0,0.0025,5,0.8,0.8,0.1,2.0,0.6577859074280261,0.7245163238670773,9,4
depthwise,4,0,0.0025,10,0.8,0.8,0.0,1.0,0.6576268490536027,0.7244680746629488,9,4
depthwise,4,0,0.0025,5,0.8,0.8,0.0,1.0,0.6576268490536027,0.7244680746629488,9,4
depthwise,4,0,0.0025,1,0.8,0.8,0.0,1.0,0.6576268490536027,0.7244680746629488,9,4
depthwise,4,0,0.0025,5,0.8,0.8,0.1,1.0,0.6575473198663909,0.7244651776866129,9,4
depthwise,4,0,0.0025,10,0.8,0.8,0.1,1.0,0.6575473198663909,0.7244651776866129,9,4
depthwise,4,0,0.0025,1,0.8,0.8,0.1,1.0,0.6575473198663909,0.7244651776866129,9,4
depthwise,4,0,0.0025,1,1.0,0.8,0.1,1.0,0.6557976777477335,0.7236402858134082,9,4
depthwise,4,0,0.0025,10,1.0,0.8,0.1,1.0,0.6557976777477335,0.7236402858134082,9,4
depthwise,4,0,0.0025,5,1.0,0.8,0.1,1.0,0.6557976777477335,0.7236402858134082,9,4
depthwise,4,0,0.0025,1,1.0,0.8,0.0,1.0,0.656195323683792,0.7236391852154116,9,4
depthwise,4,0,0.0025,10,1.0,0.8,0.0,1.0,0.656195323683792,0.7236391852154116,9,4
depthwise,4,0,0.0025,5,1.0,0.8,0.0,1.0,0.656195323683792,0.7236391852154116,9,4
depthwise,4,0,0.0025,5,1.0,0.8,0.1,2.0,0.6557976777477335,0.7235409157299186,9,4
depthwise,4,0,0.0025,10,1.0,0.8,0.1,2.0,0.6557976777477335,0.7235409157299186,9,4
depthwise,4,0,0.0025,1,1.0,0.8,0.1,2.0,0.6557976777477335,0.7235409157299186,9,4
